id_chamado,data_abertura,bairro,tipo,status,tempo_horas,nota_avaliacao
260001,2026-01-01,Botafogo,Buraco na via,Fechado,168.0,
260002,2026-01-01,Santa Cruz,Buraco na via,Fechado,289.8,3.0
260003,2026-01-01,Realengo,Buraco na via,Fechado,86.7,
260004,2026-01-01,Santa Cruz,Estacionamento irregular,Fechado,6.3,
260005,2026-01-01,Campo Grande,Iluminação Pública,Aberto,,
260006,2026-01-01,Madureira,Buraco na via,Fechado,125.6,2.0
260007,2026-01-01,Tijuca,Remoção de entulho,Fechado,77.7,3.0
260008,2026-01-02,Madureira,Iluminação Pública,Fechado,249.2,2.0
260009,2026-01-02,Botafogo,Estacionamento irregular,Fechado,2.0,
260010,2026-01-02,Barra da Tijuca,Estacionamento irregular,Fechado,7.2,3.0
260011,2026-01-02,Tijuca,Iluminação Pública,Fechado,12.1,5.0
260012,2026-01-02,Barra da Tijuca,Iluminação Pública,Fechado,26.5,5.0
260013,2026-01-02,Madureira,Iluminação Pública,Aberto,,
260014,2026-01-02,Ipanema,Fiscalização de barulho,Fechado,2.0,4.0
260015,2026-01-02,Realengo,Fiscalização de barulho,Aberto,,
260016,2026-01-02,Santa Cruz,Iluminação Pública,Fechado,48.1,
260017,2026-01-02,Campo Grande,Remoção de entulho,Fechado,58.5,
260018,2026-01-02,Tijuca,Remoção de entulho,Fechado,88.9,
260019,2026-01-03,Copacabana,Remoção de entulho,Fechado,101.1,2.0
260020,2026-01-03,Campo Grande,Remoção de entulho,Fechado,160.5,
260021,2026-01-03,Madureira,Buraco na via,Fechado,229.2,2.0
260022,2026-01-03,Copacabana,Fiscalização de barulho,Fechado,11.5,1.0
260023,2026-01-03,Campo Grande,Estacionamento irregular,Aberto,,
260024,2026-01-03,Campo Grande,Fiscalização de barulho,Aberto,,
260025,2026-01-03,Ipanema,Iluminação Pública,Fechado,65.3,3.0
260026,2026-01-03,Realengo,Iluminação Pública,Fechado,69.3,3.0
260027,2026-01-03,Santa Cruz,Poda de árvore,Aberto,,
260028,2026-01-03,Barra da Tijuca,Estacionamento irregular,Fechado,1.9,5.0
260029,2026-01-03,Santa Cruz,Remoção de entulho,Fechado,47.6,4.0
260030,2026-01-04,Copacabana,Estacionamento irregular,Fechado,3.7,4.0
260031,2026-01-04,Santa Cruz,Iluminação Pública,Fechado,45.9,4.0
260032,2026-01-04,Campo Grande,Remoção de entulho,Fechado,173.3,4.0
260033,2026-01-04,Campo Grande,Remoção de entulho,Fechado,44.6,
260034,2026-01-04,Santa Cruz,Remoção de entulho,Fechado,66.8,4.0
260035,2026-01-04,Barra da Tijuca,Remoção de entulho,Fechado,126.3,3.0
260036,2026-01-04,Centro,Iluminação Pública,Fechado,,4.0
260037,2026-01-04,Copacabana,Buraco na via,Fechado,95.4,
260038,2026-01-04,Campo Grande,Remoção de entulho,Aberto,,
260039,2026-01-04,Madureira,Buraco na via,Aberto,,
260040,2026-01-04,Méier,Remoção de entulho,Aberto,,
260041,2026-01-04,Madureira,Fiscalização de barulho,Aberto,,
260042,2026-01-04,Campo Grande,Fiscalização de barulho,Fechado,6.0,2.0
260043,2026-01-04,Botafogo,Remoção de entulho,Aberto,,
260044,2026-01-04,Ipanema,Estacionamento irregular,Fechado,5.9,4.0
260045,2026-01-04,Barra da Tijuca,Remoção de entulho,Fechado,74.0,
260046,2026-01-05,Copacabana,Buraco na via,Fechado,70.3,3.0
260047,2026-01-05,Copacabana,Iluminação Pública,Fechado,49.9,4.0
260048,2026-01-05,Santa Cruz,Fiscalização de barulho,Fechado,12.7,1.0
260049,2026-01-05,Tijuca,Remoção de entulho,Fechado,178.0,2.0
260050,2026-01-05,Tijuca,Remoção de entulho,Fechado,51.6,4.0
260051,2026-01-05,Méier,Remoção de entulho,Aberto,,
260052,2026-01-05,Realengo,Remoção de entulho,Fechado,130.9,3.0
260053,2026-01-05,Santa Cruz,Estacionamento irregular,Aberto,,
260054,2026-01-05,Tijuca,Fiscalização de barulho,Fechado,6.2,2.0
260055,2026-01-05,Campo Grande,Fiscalização de barulho,Fechado,14.6,1.0
260056,2026-01-06,Centro,Iluminação Pública,Fechado,63.5,4.0
260057,2026-01-06,Copacabana,Buraco na via,Fechado,172.8,
260058,2026-01-06,Barra da Tijuca,Remoção de entulho,Fechado,83.7,
260059,2026-01-06,Copacabana,Buraco na via,Fechado,242.2,2.0
260060,2026-01-06,Tijuca,Remoção de entulho,Fechado,208.9,3.0
260061,2026-01-06,Ipanema,Iluminação Pública,Fechado,26.0,4.0
260062,2026-01-06,Campo Grande,Remoção de entulho,Fechado,83.4,
260063,2026-01-06,Campo Grande,Poda de árvore,Fechado,311.0,3.0
260064,2026-01-06,Santa Cruz,Fiscalização de barulho,Aberto,,
260065,2026-01-06,Santa Cruz,Estacionamento irregular,Fechado,12.3,
260066,2026-01-06,Méier,Iluminação Pública,Fechado,,5.0
260067,2026-01-06,Campo Grande,Estacionamento irregular,Fechado,8.1,
260068,2026-01-07,Madureira,Iluminação Pública,Aberto,,
260069,2026-01-07,Tijuca,Buraco na via,Fechado,199.0,3.0
260070,2026-01-07,Centro,Iluminação Pública,Fechado,54.8,4.0
260071,2026-01-07,Tijuca,Fiscalização de barulho,Fechado,20.6,1.0
260072,2026-01-07,Tijuca,Estacionamento irregular,Fechado,2.2,
260073,2026-01-07,Campo Grande,Estacionamento irregular,Fechado,,
260074,2026-01-07,Madureira,Fiscalização de barulho,Fechado,2.9,3.0
260075,2026-01-07,Ipanema,Iluminação Pública,Fechado,120.2,3.0
260076,2026-01-07,Santa Cruz,Iluminação Pública,Fechado,131.5,4.0
260077,2026-01-07,Realengo,Poda de árvore,Fechado,827.4,
260078,2026-01-08,Centro,Buraco na via,Fechado,93.3,3.0
260079,2026-01-08,Campo Grande,Buraco na via,Fechado,189.3,2.0
260080,2026-01-08,Méier,Buraco na via,Fechado,146.9,
260081,2026-01-08,Copacabana,Remoção de entulho,Aberto,,
260082,2026-01-08,Tijuca,Estacionamento irregular,Fechado,4.0,5.0
260083,2026-01-08,Campo Grande,Buraco na via,Fechado,,3.0
260084,2026-01-08,Campo Grande,Iluminação Pública,Fechado,36.2,
260085,2026-01-08,Santa Cruz,Fiscalização de barulho,Fechado,5.7,2.0
260086,2026-01-08,Tijuca,Remoção de entulho,Fechado,111.4,3.0
260087,2026-01-08,Realengo,Buraco na via,Fechado,411.5,1.0
260088,2026-01-08,Barra da Tijuca,Estacionamento irregular,Fechado,8.3,3.0
260089,2026-01-09,Santa Cruz,Poda de árvore,Fechado,170.9,4.0
260090,2026-01-09,Copacabana,Fiscalização de barulho,Fechado,1.4,3.0
260091,2026-01-09,Ipanema,Estacionamento irregular,Fechado,5.8,4.0
260092,2026-01-09,Realengo,Iluminação Pública,Aberto,,
260093,2026-01-09,Centro,Remoção de entulho,Aberto,,
260094,2026-01-09,Campo Grande,Remoção de entulho,Aberto,,
260095,2026-01-09,Santa Cruz,Poda de árvore,Fechado,184.5,
260096,2026-01-09,Ipanema,Iluminação Pública,Aberto,,
260097,2026-01-09,Campo Grande,Remoção de entulho,Aberto,,
260098,2026-01-10,Barra da Tijuca,Poda de árvore,Fechado,426.6,
260099,2026-01-10,Realengo,Remoção de entulho,Fechado,26.2,
260100,2026-01-10,Centro,Poda de árvore,Fechado,263.4,3.0
260101,2026-01-10,Méier,Poda de árvore,Fechado,181.6,3.0
260102,2026-01-10,Santa Cruz,Buraco na via,Fechado,154.5,3.0
260103,2026-01-10,Campo Grande,Poda de árvore,Fechado,53.5,5.0
260104,2026-01-10,Tijuca,Remoção de entulho,Fechado,71.3,
260105,2026-01-10,Santa Cruz,Remoção de entulho,Fechado,32.1,
260106,2026-01-11,Ipanema,Iluminação Pública,Fechado,26.1,
260107,2026-01-11,Realengo,Estacionamento irregular,Fechado,2.0,
260108,2026-01-11,Campo Grande,Fiscalização de barulho,Aberto,,
260109,2026-01-11,Botafogo,Fiscalização de barulho,Fechado,10.7,2.0
260110,2026-01-11,Botafogo,Buraco na via,Fechado,129.7,3.0
260111,2026-01-11,Botafogo,Poda de árvore,Fechado,219.4,4.0
260112,2026-01-11,Botafogo,Iluminação Pública,Fechado,48.4,4.0
260113,2026-01-11,Santa Cruz,Poda de árvore,Aberto,,
260114,2026-01-12,Campo Grande,Iluminação Pública,Fechado,45.6,
260115,2026-01-12,Botafogo,Fiscalização de barulho,Fechado,2.9,3.0
260116,2026-01-12,Botafogo,Iluminação Pública,Fechado,59.2,3.0
260117,2026-01-12,Campo Grande,Poda de árvore,Fechado,,4.0
260118,2026-01-12,Tijuca,Iluminação Pública,Fechado,72.0,
260119,2026-01-12,Copacabana,Estacionamento irregular,Aberto,,
260120,2026-01-12,Realengo,Remoção de entulho,Fechado,46.2,3.0
260121,2026-01-12,Realengo,Iluminação Pública,Fechado,19.3,
260122,2026-01-12,Méier,Remoção de entulho,Fechado,28.2,
260123,2026-01-12,Botafogo,Iluminação Pública,Fechado,47.9,4.0
260124,2026-01-13,Tijuca,Buraco na via,Fechado,69.5,4.0
260125,2026-01-13,Madureira,Estacionamento irregular,Fechado,3.1,4.0
260126,2026-01-13,Santa Cruz,Fiscalização de barulho,Fechado,10.4,2.0
260127,2026-01-13,Copacabana,Poda de árvore,Aberto,,
260128,2026-01-13,Campo Grande,Buraco na via,Aberto,,
260129,2026-01-13,Santa Cruz,Buraco na via,Fechado,89.7,
260130,2026-01-13,Barra da Tijuca,Fiscalização de barulho,Fechado,2.8,3.0
260131,2026-01-13,Campo Grande,Remoção de entulho,Fechado,52.9,4.0
260132,2026-01-13,Santa Cruz,Fiscalização de barulho,Fechado,5.0,2.0
260133,2026-01-13,Tijuca,Iluminação Pública,Fechado,18.1,4.0
260134,2026-01-13,Botafogo,Estacionamento irregular,Fechado,4.5,4.0
260135,2026-01-13,Copacabana,Fiscalização de barulho,Fechado,3.3,2.0
260136,2026-01-13,Méier,Remoção de entulho,Fechado,96.0,4.0
260137,2026-01-13,Copacabana,Estacionamento irregular,Fechado,3.2,5.0
260138,2026-01-14,Realengo,Fiscalização de barulho,Aberto,,
260139,2026-01-14,Campo Grande,Remoção de entulho,Fechado,54.3,
260140,2026-01-14,Barra da Tijuca,Buraco na via,Aberto,,
260141,2026-01-14,Santa Cruz,Buraco na via,Fechado,114.9,4.0
260142,2026-01-14,Méier,Fiscalização de barulho,Fechado,4.6,2.0
260143,2026-01-14,Copacabana,Iluminação Pública,Fechado,74.6,4.0
260144,2026-01-14,Realengo,Iluminação Pública,Fechado,39.1,4.0
260145,2026-01-14,Madureira,Remoção de entulho,Fechado,73.2,4.0
260146,2026-01-14,Copacabana,Buraco na via,Fechado,122.6,4.0
260147,2026-01-14,Méier,Iluminação Pública,Fechado,69.2,
260148,2026-01-15,Barra da Tijuca,Fiscalização de barulho,Fechado,2.7,4.0
260149,2026-01-15,Santa Cruz,Iluminação Pública,Fechado,62.1,
260150,2026-01-15,Realengo,Buraco na via,Fechado,79.2,
260151,2026-01-15,Barra da Tijuca,Remoção de entulho,Fechado,38.5,5.0
260152,2026-01-15,Centro,Buraco na via,Aberto,,
260153,2026-01-15,Méier,Remoção de entulho,Fechado,66.8,4.0
260154,2026-01-15,Santa Cruz,Fiscalização de barulho,Fechado,14.4,
260155,2026-01-15,Santa Cruz,Estacionamento irregular,Fechado,3.8,4.0
260156,2026-01-15,Campo Grande,Remoção de entulho,Fechado,33.0,4.0
260157,2026-01-16,Méier,Iluminação Pública,Fechado,41.5,
260158,2026-01-16,Copacabana,Iluminação Pública,Fechado,29.4,5.0
260159,2026-01-16,Realengo,Fiscalização de barulho,Fechado,3.9,3.0
260160,2026-01-16,Campo Grande,Fiscalização de barulho,Fechado,1.1,
260161,2026-01-16,Madureira,Buraco na via,Aberto,,
260162,2026-01-16,Tijuca,Iluminação Pública,Fechado,60.2,5.0
260163,2026-01-16,Campo Grande,Poda de árvore,Aberto,,
260164,2026-01-16,Santa Cruz,Poda de árvore,Aberto,,
260165,2026-01-16,Campo Grande,Fiscalização de barulho,Fechado,7.4,
260166,2026-01-16,Realengo,Iluminação Pública,Fechado,26.6,
260167,2026-01-16,Centro,Estacionamento irregular,Fechado,3.4,4.0
260168,2026-01-16,Ipanema,Estacionamento irregular,Fechado,4.7,4.0
260169,2026-01-17,Ipanema,Remoção de entulho,Fechado,47.9,
260170,2026-01-17,Santa Cruz,Buraco na via,Fechado,77.6,
260171,2026-01-17,Botafogo,Poda de árvore,Fechado,116.6,3.0
260172,2026-01-17,Realengo,Poda de árvore,Fechado,239.0,
260173,2026-01-17,Campo Grande,Poda de árvore,Aberto,,
260174,2026-01-18,Madureira,Fiscalização de barulho,Fechado,2.0,
260175,2026-01-18,Campo Grande,Remoção de entulho,Fechado,139.2,4.0
260176,2026-01-18,Santa Cruz,Buraco na via,Fechado,132.6,3.0
260177,2026-01-18,Centro,Remoção de entulho,Fechado,69.2,3.0
260178,2026-01-18,Campo Grande,Estacionamento irregular,Fechado,1.7,5.0
260179,2026-01-18,Santa Cruz,Poda de árvore,Aberto,,
260180,2026-01-19,Realengo,Poda de árvore,Fechado,203.1,3.0
260181,2026-01-19,Tijuca,Buraco na via,Fechado,199.4,3.0
260182,2026-01-19,Madureira,Remoção de entulho,Aberto,,
260183,2026-01-19,Realengo,Buraco na via,Aberto,,
260184,2026-01-19,Santa Cruz,Buraco na via,Fechado,187.3,
260185,2026-01-19,Campo Grande,Estacionamento irregular,Aberto,,
260186,2026-01-19,Santa Cruz,Poda de árvore,Fechado,100.4,
260187,2026-01-19,Santa Cruz,Fiscalização de barulho,Fechado,1.3,4.0
260188,2026-01-19,Botafogo,Estacionamento irregular,Fechado,2.7,5.0
260189,2026-01-20,Santa Cruz,Poda de árvore,Fechado,244.1,3.0
260190,2026-01-20,Santa Cruz,Buraco na via,Fechado,61.2,
260191,2026-01-20,Copacabana,Fiscalização de barulho,Fechado,2.7,2.0
260192,2026-01-20,Barra da Tijuca,Iluminação Pública,Aberto,,
260193,2026-01-20,Centro,Remoção de entulho,Fechado,49.4,5.0
260194,2026-01-20,Campo Grande,Iluminação Pública,Fechado,37.0,5.0
260195,2026-01-20,Campo Grande,Buraco na via,Fechado,149.3,
260196,2026-01-20,Realengo,Remoção de entulho,Fechado,69.5,4.0
260197,2026-01-20,Barra da Tijuca,Iluminação Pública,Fechado,60.9,5.0
260198,2026-01-20,Santa Cruz,Fiscalização de barulho,Fechado,7.6,3.0
260199,2026-01-20,Campo Grande,Fiscalização de barulho,Fechado,9.8,2.0
260200,2026-01-20,Campo Grande,Buraco na via,Fechado,330.1,1.0
260201,2026-01-21,Santa Cruz,Estacionamento irregular,Fechado,4.2,5.0
260202,2026-01-21,Campo Grande,Iluminação Pública,Fechado,28.0,
260203,2026-01-21,Campo Grande,Fiscalização de barulho,Fechado,5.5,2.0
260204,2026-01-21,Tijuca,Buraco na via,Fechado,133.1,3.0
260205,2026-01-21,Santa Cruz,Iluminação Pública,Fechado,71.5,
260206,2026-01-21,Centro,Buraco na via,Fechado,226.5,3.0
260207,2026-01-21,Tijuca,Buraco na via,Fechado,137.9,
260208,2026-01-21,Campo Grande,Fiscalização de barulho,Fechado,5.3,3.0
260209,2026-01-21,Centro,Poda de árvore,Fechado,224.9,
260210,2026-01-22,Santa Cruz,Buraco na via,Fechado,148.9,3.0
260211,2026-01-22,Campo Grande,Iluminação Pública,Fechado,40.5,3.0
260212,2026-01-22,Barra da Tijuca,Iluminação Pública,Fechado,66.5,
260213,2026-01-22,Centro,Buraco na via,Fechado,90.1,
260214,2026-01-22,Centro,Fiscalização de barulho,Fechado,1.3,3.0
260215,2026-01-22,Campo Grande,Fiscalização de barulho,Fechado,,3.0
260216,2026-01-22,Campo Grande,Estacionamento irregular,Fechado,3.2,4.0
260217,2026-01-22,Botafogo,Buraco na via,Fechado,143.1,4.0
260218,2026-01-23,Madureira,Remoção de entulho,Fechado,76.1,
260219,2026-01-23,Centro,Fiscalização de barulho,Fechado,7.5,2.0
260220,2026-01-23,Campo Grande,Fiscalização de barulho,Fechado,3.8,2.0
260221,2026-01-23,Madureira,Remoção de entulho,Fechado,128.9,2.0
260222,2026-01-23,Méier,Estacionamento irregular,Fechado,4.0,4.0
260223,2026-01-23,Centro,Buraco na via,Fechado,218.0,
260224,2026-01-23,Tijuca,Fiscalização de barulho,Aberto,,
260225,2026-01-23,Botafogo,Iluminação Pública,Aberto,,
260226,2026-01-23,Madureira,Buraco na via,Fechado,73.2,
260227,2026-01-23,Realengo,Iluminação Pública,Aberto,,
260228,2026-01-23,Campo Grande,Iluminação Pública,Fechado,66.3,
260229,2026-01-23,Campo Grande,Fiscalização de barulho,Fechado,15.4,1.0
260230,2026-01-23,Madureira,Remoção de entulho,Fechado,36.6,5.0
260231,2026-01-23,Madureira,Estacionamento irregular,Fechado,4.2,
260232,2026-01-23,Barra da Tijuca,Fiscalização de barulho,Fechado,17.9,2.0
260233,2026-01-23,Campo Grande,Buraco na via,Fechado,84.5,2.0
260234,2026-01-24,Campo Grande,Iluminação Pública,Fechado,45.5,3.0
260235,2026-01-24,Centro,Poda de árvore,Fechado,184.2,5.0
260236,2026-01-24,Copacabana,Remoção de entulho,Fechado,103.6,4.0
260237,2026-01-24,Campo Grande,Estacionamento irregular,Fechado,3.8,
260238,2026-01-24,Centro,Iluminação Pública,Fechado,24.5,5.0
260239,2026-01-24,Copacabana,Fiscalização de barulho,Fechado,3.8,3.0
260240,2026-01-24,Méier,Buraco na via,Fechado,293.3,3.0
260241,2026-01-24,Méier,Fiscalização de barulho,Fechado,2.7,2.0
260242,2026-01-24,Madureira,Iluminação Pública,Fechado,85.3,
260243,2026-01-24,Centro,Buraco na via,Fechado,154.2,3.0
260244,2026-01-24,Realengo,Poda de árvore,Fechado,119.4,
260245,2026-01-24,Santa Cruz,Fiscalização de barulho,Fechado,20.3,2.0
260246,2026-01-24,Campo Grande,Poda de árvore,Fechado,314.4,3.0
260247,2026-01-25,Centro,Buraco na via,Fechado,181.0,2.0
260248,2026-01-25,Copacabana,Iluminação Pública,Fechado,65.5,
260249,2026-01-25,Copacabana,Iluminação Pública,Fechado,62.8,4.0
260250,2026-01-25,Centro,Fiscalização de barulho,Fechado,15.9,1.0
260251,2026-01-25,Méier,Poda de árvore,Fechado,,4.0
260252,2026-01-25,Barra da Tijuca,Iluminação Pública,Fechado,39.1,3.0
260253,2026-01-25,Barra da Tijuca,Iluminação Pública,Fechado,38.8,3.0
260254,2026-01-25,Santa Cruz,Buraco na via,Fechado,133.7,3.0
260255,2026-01-25,Realengo,Fiscalização de barulho,Fechado,9.4,2.0
260256,2026-01-25,Barra da Tijuca,Remoção de entulho,Fechado,52.1,5.0
260257,2026-01-25,Santa Cruz,Iluminação Pública,Aberto,,
260258,2026-01-26,Ipanema,Fiscalização de barulho,Fechado,4.3,
260259,2026-01-26,Copacabana,Estacionamento irregular,Fechado,7.4,
260260,2026-01-26,Barra da Tijuca,Estacionamento irregular,Fechado,1.6,
260261,2026-01-26,Méier,Estacionamento irregular,Fechado,,
260262,2026-01-26,Santa Cruz,Iluminação Pública,Fechado,43.5,
260263,2026-01-26,Madureira,Poda de árvore,Fechado,268.6,4.0
260264,2026-01-27,Copacabana,Remoção de entulho,Fechado,149.2,4.0
260265,2026-01-27,Tijuca,Remoção de entulho,Fechado,53.6,
260266,2026-01-27,Santa Cruz,Buraco na via,Fechado,187.8,3.0
260267,2026-01-27,Realengo,Estacionamento irregular,Fechado,,5.0
260268,2026-01-27,Méier,Remoção de entulho,Fechado,54.0,4.0
260269,2026-01-27,Realengo,Remoção de entulho,Fechado,160.6,2.0
260270,2026-01-28,Botafogo,Remoção de entulho,Fechado,112.4,3.0
260271,2026-01-28,Madureira,Buraco na via,Fechado,105.9,3.0
260272,2026-01-28,Barra da Tijuca,Buraco na via,Fechado,80.7,3.0
260273,2026-01-28,Santa Cruz,Fiscalização de barulho,Aberto,,
260274,2026-01-28,Campo Grande,Buraco na via,Fechado,65.2,
260275,2026-01-28,Campo Grande,Fiscalização de barulho,Fechado,6.2,1.0
260276,2026-01-28,Campo Grande,Buraco na via,Fechado,535.9,2.0
260277,2026-01-28,Santa Cruz,Buraco na via,Aberto,,
260278,2026-01-28,Botafogo,Iluminação Pública,Fechado,65.9,3.0
260279,2026-01-28,Copacabana,Remoção de entulho,Fechado,133.7,
260280,2026-01-28,Tijuca,Iluminação Pública,Fechado,36.6,3.0
260281,2026-01-28,Copacabana,Buraco na via,Aberto,,
260282,2026-01-28,Centro,Buraco na via,Fechado,66.8,4.0
260283,2026-01-28,Tijuca,Iluminação Pública,Aberto,,
260284,2026-01-28,Copacabana,Buraco na via,Fechado,183.2,3.0
260285,2026-01-28,Madureira,Iluminação Pública,Fechado,87.6,3.0
260286,2026-01-29,Campo Grande,Buraco na via,Fechado,62.5,4.0
260287,2026-01-29,Santa Cruz,Remoção de entulho,Aberto,,
260288,2026-01-29,Copacabana,Buraco na via,Fechado,72.8,4.0
260289,2026-01-29,Santa Cruz,Buraco na via,Fechado,117.2,
260290,2026-01-29,Santa Cruz,Fiscalização de barulho,Fechado,2.6,3.0
260291,2026-01-29,Campo Grande,Remoção de entulho,Fechado,148.1,
260292,2026-01-29,Campo Grande,Iluminação Pública,Fechado,41.5,
260293,2026-01-29,Tijuca,Fiscalização de barulho,Fechado,5.9,
260294,2026-01-29,Tijuca,Poda de árvore,Fechado,96.4,5.0
260295,2026-01-30,Centro,Iluminação Pública,Fechado,40.7,
260296,2026-01-30,Campo Grande,Buraco na via,Aberto,,
260297,2026-01-30,Campo Grande,Remoção de entulho,Fechado,119.9,4.0
260298,2026-01-30,Madureira,Iluminação Pública,Fechado,47.7,
260299,2026-01-30,Ipanema,Poda de árvore,Fechado,79.8,
260300,2026-01-30,Santa Cruz,Poda de árvore,Fechado,256.6,
260301,2026-01-30,Realengo,Poda de árvore,Aberto,,
260302,2026-01-30,Tijuca,Estacionamento irregular,Fechado,3.5,5.0
260303,2026-01-30,Tijuca,Buraco na via,Fechado,231.8,2.0
260304,2026-01-30,Santa Cruz,Remoção de entulho,Fechado,113.8,3.0
260305,2026-01-30,Copacabana,Fiscalização de barulho,Fechado,1.4,
260306,2026-01-30,Campo Grande,Buraco na via,Fechado,190.5,2.0
260307,2026-01-30,Realengo,Estacionamento irregular,Fechado,5.8,3.0
260308,2026-01-30,Santa Cruz,Iluminação Pública,Fechado,52.2,4.0
260309,2026-01-31,Copacabana,Remoção de entulho,Fechado,112.3,
260310,2026-01-31,Realengo,Fiscalização de barulho,Fechado,6.3,1.0
260311,2026-01-31,Tijuca,Estacionamento irregular,Fechado,7.8,3.0
260312,2026-01-31,Santa Cruz,Fiscalização de barulho,Fechado,4.1,
260313,2026-01-31,Campo Grande,Fiscalização de barulho,Fechado,6.6,
260314,2026-01-31,Santa Cruz,Iluminação Pública,Fechado,77.6,
260315,2026-01-31,Centro,Buraco na via,Fechado,188.0,4.0
260316,2026-02-01,Realengo,Buraco na via,Fechado,251.0,2.0
260317,2026-02-01,Campo Grande,Poda de árvore,Fechado,494.1,
260318,2026-02-01,Santa Cruz,Fiscalização de barulho,Fechado,5.5,1.0
260319,2026-02-01,Tijuca,Iluminação Pública,Fechado,32.4,5.0
260320,2026-02-01,Copacabana,Remoção de entulho,Fechado,152.3,
260321,2026-02-01,Méier,Fiscalização de barulho,Aberto,,
260322,2026-02-01,Centro,Buraco na via,Fechado,109.7,3.0
260323,2026-02-01,Barra da Tijuca,Estacionamento irregular,Aberto,,
260324,2026-02-01,Copacabana,Remoção de entulho,Fechado,160.6,
260325,2026-02-01,Copacabana,Remoção de entulho,Fechado,69.9,4.0
260326,2026-02-01,Centro,Buraco na via,Fechado,103.6,
260327,2026-02-02,Campo Grande,Remoção de entulho,Fechado,130.7,4.0
260328,2026-02-02,Ipanema,Fiscalização de barulho,Aberto,,
260329,2026-02-02,Santa Cruz,Estacionamento irregular,Fechado,6.0,4.0
260330,2026-02-02,Centro,Fiscalização de barulho,Fechado,14.3,2.0
260331,2026-02-02,Santa Cruz,Poda de árvore,Fechado,107.6,4.0
260332,2026-02-02,Copacabana,Iluminação Pública,Fechado,121.8,4.0
260333,2026-02-02,Ipanema,Buraco na via,Fechado,93.0,
260334,2026-02-02,Centro,Poda de árvore,Aberto,,
260335,2026-02-02,Tijuca,Buraco na via,Fechado,136.1,4.0
260336,2026-02-02,Tijuca,Remoção de entulho,Fechado,128.9,4.0
260337,2026-02-02,Copacabana,Buraco na via,Fechado,187.8,2.0
260338,2026-02-02,Campo Grande,Remoção de entulho,Fechado,69.2,3.0
260339,2026-02-02,Centro,Buraco na via,Fechado,221.7,
260340,2026-02-02,Copacabana,Estacionamento irregular,Fechado,5.8,5.0
260341,2026-02-02,Copacabana,Iluminação Pública,Fechado,42.9,
260342,2026-02-02,Barra da Tijuca,Iluminação Pública,Fechado,33.0,5.0
260343,2026-02-03,Realengo,Buraco na via,Fechado,275.2,2.0
260344,2026-02-03,Tijuca,Iluminação Pública,Fechado,45.9,4.0
260345,2026-02-03,Copacabana,Remoção de entulho,Fechado,78.9,3.0
260346,2026-02-03,Realengo,Fiscalização de barulho,Fechado,9.2,
260347,2026-02-03,Santa Cruz,Estacionamento irregular,Fechado,8.0,4.0
260348,2026-02-03,Santa Cruz,Iluminação Pública,Fechado,40.0,
260349,2026-02-03,Realengo,Iluminação Pública,Fechado,94.3,2.0
260350,2026-02-03,Tijuca,Remoção de entulho,Aberto,,
260351,2026-02-03,Realengo,Buraco na via,Fechado,101.0,
260352,2026-02-03,Copacabana,Estacionamento irregular,Aberto,,
260353,2026-02-03,Realengo,Estacionamento irregular,Fechado,1.1,5.0
260354,2026-02-03,Botafogo,Iluminação Pública,Fechado,18.9,
260355,2026-02-03,Copacabana,Iluminação Pública,Fechado,67.0,4.0
260356,2026-02-03,Campo Grande,Remoção de entulho,Aberto,,
260357,2026-02-03,Tijuca,Iluminação Pública,Fechado,55.4,3.0
260358,2026-02-03,Copacabana,Iluminação Pública,Fechado,40.3,3.0
260359,2026-02-04,Santa Cruz,Remoção de entulho,Fechado,223.4,2.0
260360,2026-02-04,Realengo,Remoção de entulho,Fechado,139.2,
260361,2026-02-04,Copacabana,Remoção de entulho,Fechado,56.0,5.0
260362,2026-02-04,Santa Cruz,Remoção de entulho,Fechado,113.9,3.0
260363,2026-02-04,Tijuca,Remoção de entulho,Aberto,,
260364,2026-02-04,Botafogo,Remoção de entulho,Fechado,59.2,4.0
260365,2026-02-04,Campo Grande,Buraco na via,Aberto,,
260366,2026-02-04,Botafogo,Iluminação Pública,Aberto,,
260367,2026-02-05,Tijuca,Poda de árvore,Fechado,227.8,4.0
260368,2026-02-05,Campo Grande,Iluminação Pública,Fechado,92.8,4.0
260369,2026-02-05,Campo Grande,Iluminação Pública,Fechado,35.9,4.0
260370,2026-02-05,Realengo,Iluminação Pública,Fechado,30.4,
260371,2026-02-05,Botafogo,Fiscalização de barulho,Fechado,,3.0
260372,2026-02-05,Santa Cruz,Buraco na via,Aberto,,
260373,2026-02-05,Campo Grande,Remoção de entulho,Fechado,80.9,3.0
260374,2026-02-05,Realengo,Remoção de entulho,Fechado,45.2,4.0
260375,2026-02-05,Barra da Tijuca,Remoção de entulho,Fechado,191.8,
260376,2026-02-06,Realengo,Iluminação Pública,Fechado,61.3,3.0
260377,2026-02-06,Santa Cruz,Estacionamento irregular,Fechado,9.8,3.0
260378,2026-02-06,Realengo,Poda de árvore,Fechado,124.5,
260379,2026-02-06,Campo Grande,Poda de árvore,Aberto,,
260380,2026-02-06,Centro,Fiscalização de barulho,Fechado,3.2,
260381,2026-02-06,Realengo,Iluminação Pública,Fechado,120.9,
260382,2026-02-06,Realengo,Fiscalização de barulho,Fechado,3.6,
260383,2026-02-06,Tijuca,Iluminação Pública,Fechado,14.3,
260384,2026-02-06,Botafogo,Poda de árvore,Fechado,464.5,2.0
260385,2026-02-06,Realengo,Buraco na via,Fechado,106.8,
260386,2026-02-06,Santa Cruz,Buraco na via,Fechado,14.4,
260387,2026-02-06,Tijuca,Poda de árvore,Fechado,428.2,
260388,2026-02-06,Méier,Iluminação Pública,Fechado,40.3,5.0
260389,2026-02-07,Copacabana,Iluminação Pública,Fechado,47.0,
260390,2026-02-07,Realengo,Poda de árvore,Fechado,536.6,3.0
260391,2026-02-07,Realengo,Fiscalização de barulho,Fechado,3.4,2.0
260392,2026-02-07,Tijuca,Estacionamento irregular,Fechado,2.1,4.0
260393,2026-02-07,Campo Grande,Remoção de entulho,Fechado,140.6,4.0
260394,2026-02-07,Centro,Estacionamento irregular,Fechado,3.1,4.0
260395,2026-02-07,Santa Cruz,Buraco na via,Fechado,125.9,
260396,2026-02-07,Santa Cruz,Remoção de entulho,Aberto,,
260397,2026-02-07,Realengo,Buraco na via,Aberto,,
260398,2026-02-07,Realengo,Remoção de entulho,Fechado,79.2,
260399,2026-02-08,Campo Grande,Remoção de entulho,Fechado,126.7,2.0
260400,2026-02-08,Copacabana,Estacionamento irregular,Aberto,,
260401,2026-02-08,Madureira,Buraco na via,Fechado,63.4,3.0
260402,2026-02-08,Botafogo,Buraco na via,Aberto,,
260403,2026-02-08,Copacabana,Estacionamento irregular,Fechado,4.0,
260404,2026-02-08,Copacabana,Iluminação Pública,Fechado,30.1,
260405,2026-02-08,Realengo,Estacionamento irregular,Fechado,1.9,5.0
260406,2026-02-08,Campo Grande,Buraco na via,Fechado,170.8,
260407,2026-02-08,Santa Cruz,Estacionamento irregular,Aberto,,
260408,2026-02-08,Tijuca,Remoção de entulho,Fechado,105.3,3.0
260409,2026-02-08,Tijuca,Poda de árvore,Fechado,183.9,5.0
260410,2026-02-08,Copacabana,Poda de árvore,Fechado,228.7,3.0
260411,2026-02-08,Santa Cruz,Remoção de entulho,Fechado,83.0,
260412,2026-02-08,Centro,Iluminação Pública,Fechado,37.8,5.0
260413,2026-02-09,Botafogo,Poda de árvore,Fechado,502.5,
260414,2026-02-09,Campo Grande,Remoção de entulho,Fechado,263.4,2.0
260415,2026-02-09,Campo Grande,Estacionamento irregular,Aberto,,
260416,2026-02-09,Copacabana,Remoção de entulho,Fechado,56.0,4.0
260417,2026-02-09,Campo Grande,Estacionamento irregular,Fechado,8.8,4.0
260418,2026-02-09,Centro,Poda de árvore,Fechado,162.5,4.0
260419,2026-02-09,Campo Grande,Fiscalização de barulho,Fechado,9.4,
260420,2026-02-09,Campo Grande,Iluminação Pública,Aberto,,
260421,2026-02-09,Centro,Fiscalização de barulho,Fechado,3.0,3.0
260422,2026-02-09,Barra da Tijuca,Iluminação Pública,Fechado,80.7,
260423,2026-02-09,Campo Grande,Fiscalização de barulho,Fechado,5.5,4.0
260424,2026-02-09,Campo Grande,Remoção de entulho,Fechado,61.3,4.0
260425,2026-02-09,Santa Cruz,Buraco na via,Fechado,131.5,4.0
260426,2026-02-10,Santa Cruz,Fiscalização de barulho,Fechado,,4.0
260427,2026-02-10,Centro,Estacionamento irregular,Fechado,3.2,
260428,2026-02-10,Centro,Poda de árvore,Fechado,254.6,4.0
260429,2026-02-10,Botafogo,Remoção de entulho,Fechado,33.1,
260430,2026-02-10,Centro,Remoção de entulho,Fechado,16.7,5.0
260431,2026-02-10,Campo Grande,Remoção de entulho,Fechado,90.8,3.0
260432,2026-02-10,Santa Cruz,Fiscalização de barulho,Fechado,2.0,3.0
260433,2026-02-10,Santa Cruz,Fiscalização de barulho,Fechado,4.9,3.0
260434,2026-02-10,Campo Grande,Iluminação Pública,Fechado,57.7,4.0
260435,2026-02-10,Copacabana,Buraco na via,Fechado,46.9,
260436,2026-02-10,Campo Grande,Remoção de entulho,Fechado,64.9,
260437,2026-02-11,Tijuca,Remoção de entulho,Fechado,55.3,5.0
260438,2026-02-11,Centro,Buraco na via,Fechado,100.9,3.0
260439,2026-02-11,Campo Grande,Iluminação Pública,Aberto,,
260440,2026-02-11,Campo Grande,Remoção de entulho,Fechado,69.2,
260441,2026-02-11,Barra da Tijuca,Iluminação Pública,Fechado,48.6,4.0
260442,2026-02-11,Campo Grande,Fiscalização de barulho,Fechado,6.0,
260443,2026-02-11,Centro,Fiscalização de barulho,Fechado,7.3,2.0
260444,2026-02-11,Realengo,Fiscalização de barulho,Fechado,9.6,
260445,2026-02-12,Campo Grande,Fiscalização de barulho,Fechado,9.5,2.0
260446,2026-02-12,Realengo,Remoção de entulho,Aberto,,
260447,2026-02-12,Realengo,Estacionamento irregular,Fechado,6.5,2.0
260448,2026-02-12,Santa Cruz,Remoção de entulho,Fechado,46.0,3.0
260449,2026-02-12,Realengo,Iluminação Pública,Fechado,14.3,5.0
260450,2026-02-12,Santa Cruz,Estacionamento irregular,Fechado,3.2,5.0
260451,2026-02-12,Copacabana,Iluminação Pública,Fechado,63.3,4.0
260452,2026-02-12,Copacabana,Iluminação Pública,Fechado,27.0,
260453,2026-02-12,Copacabana,Estacionamento irregular,Fechado,1.8,5.0
260454,2026-02-12,Copacabana,Buraco na via,Fechado,107.3,
260455,2026-02-12,Campo Grande,Iluminação Pública,Fechado,116.7,
260456,2026-02-12,Botafogo,Buraco na via,Fechado,172.7,
260457,2026-02-12,Copacabana,Fiscalização de barulho,Fechado,5.4,1.0
260458,2026-02-12,Barra da Tijuca,Buraco na via,Fechado,87.1,4.0
260459,2026-02-12,Copacabana,Remoção de entulho,Fechado,51.6,4.0
260460,2026-02-12,Madureira,Poda de árvore,Fechado,246.7,
260461,2026-02-13,Santa Cruz,Iluminação Pública,Fechado,58.6,
260462,2026-02-13,Santa Cruz,Estacionamento irregular,Fechado,5.5,3.0
260463,2026-02-13,Tijuca,Iluminação Pública,Fechado,96.9,
260464,2026-02-13,Centro,Fiscalização de barulho,Fechado,4.4,2.0
260465,2026-02-13,Realengo,Poda de árvore,Fechado,282.4,4.0
260466,2026-02-13,Madureira,Fiscalização de barulho,Aberto,,
260467,2026-02-13,Tijuca,Buraco na via,Fechado,83.4,3.0
260468,2026-02-13,Realengo,Buraco na via,Fechado,107.4,
260469,2026-02-13,Copacabana,Buraco na via,Fechado,242.4,
260470,2026-02-13,Copacabana,Remoção de entulho,Fechado,30.6,5.0
260471,2026-02-13,Barra da Tijuca,Poda de árvore,Fechado,191.7,4.0
260472,2026-02-13,Madureira,Estacionamento irregular,Fechado,4.6,3.0
260473,2026-02-13,Copacabana,Buraco na via,Fechado,48.0,4.0
260474,2026-02-14,Santa Cruz,Estacionamento irregular,Fechado,3.1,
260475,2026-02-14,Copacabana,Estacionamento irregular,Fechado,3.7,
260476,2026-02-14,Realengo,Remoção de entulho,Fechado,72.0,
260477,2026-02-14,Tijuca,Buraco na via,Fechado,80.3,
260478,2026-02-14,Tijuca,Iluminação Pública,Fechado,74.0,4.0
260479,2026-02-14,Realengo,Remoção de entulho,Aberto,,
260480,2026-02-14,Barra da Tijuca,Buraco na via,Fechado,65.4,
260481,2026-02-14,Tijuca,Poda de árvore,Fechado,180.3,
260482,2026-02-14,Barra da Tijuca,Fiscalização de barulho,Fechado,10.1,
260483,2026-02-14,Méier,Remoção de entulho,Fechado,164.9,
260484,2026-02-15,Barra da Tijuca,Iluminação Pública,Aberto,,
260485,2026-02-15,Tijuca,Remoção de entulho,Fechado,71.5,5.0
260486,2026-02-15,Copacabana,Poda de árvore,Fechado,188.2,3.0
260487,2026-02-15,Copacabana,Fiscalização de barulho,Fechado,3.8,
260488,2026-02-15,Copacabana,Buraco na via,Fechado,130.3,3.0
260489,2026-02-15,Realengo,Fiscalização de barulho,Fechado,4.5,2.0
260490,2026-02-15,Realengo,Remoção de entulho,Fechado,135.0,4.0
260491,2026-02-15,Madureira,Iluminação Pública,Fechado,31.7,
260492,2026-02-15,Copacabana,Poda de árvore,Fechado,,
260493,2026-02-15,Tijuca,Poda de árvore,Fechado,215.6,
260494,2026-02-15,Santa Cruz,Remoção de entulho,Fechado,23.9,5.0
260495,2026-02-15,Copacabana,Buraco na via,Aberto,,
260496,2026-02-15,Barra da Tijuca,Remoção de entulho,Fechado,195.4,3.0
260497,2026-02-16,Centro,Estacionamento irregular,Fechado,3.3,
260498,2026-02-16,Barra da Tijuca,Remoção de entulho,Fechado,92.7,3.0
260499,2026-02-16,Campo Grande,Remoção de entulho,Aberto,,
260500,2026-02-16,Copacabana,Iluminação Pública,Fechado,54.1,3.0
260501,2026-02-16,Madureira,Remoção de entulho,Fechado,113.8,3.0
260502,2026-02-16,Realengo,Buraco na via,Fechado,41.0,4.0
260503,2026-02-16,Botafogo,Estacionamento irregular,Fechado,,5.0
260504,2026-02-16,Copacabana,Buraco na via,Fechado,82.4,
260505,2026-02-16,Santa Cruz,Remoção de entulho,Fechado,,4.0
260506,2026-02-16,Centro,Fiscalização de barulho,Fechado,4.8,
260507,2026-02-17,Tijuca,Iluminação Pública,Fechado,,5.0
260508,2026-02-17,Barra da Tijuca,Fiscalização de barulho,Fechado,4.9,1.0
260509,2026-02-17,Campo Grande,Buraco na via,Fechado,106.4,
260510,2026-02-17,Botafogo,Iluminação Pública,Fechado,45.6,
260511,2026-02-17,Campo Grande,Buraco na via,Fechado,68.4,
260512,2026-02-17,Realengo,Iluminação Pública,Fechado,39.2,4.0
260513,2026-02-17,Realengo,Iluminação Pública,Fechado,80.6,4.0
260514,2026-02-17,Tijuca,Iluminação Pública,Aberto,,
260515,2026-02-17,Tijuca,Poda de árvore,Fechado,147.3,
260516,2026-02-18,Santa Cruz,Poda de árvore,Fechado,120.5,
260517,2026-02-18,Madureira,Estacionamento irregular,Fechado,8.4,4.0
260518,2026-02-18,Campo Grande,Buraco na via,Fechado,626.2,1.0
260519,2026-02-18,Barra da Tijuca,Iluminação Pública,Fechado,50.4,4.0
260520,2026-02-18,Realengo,Remoção de entulho,Fechado,55.0,4.0
260521,2026-02-18,Campo Grande,Buraco na via,Fechado,371.5,2.0
260522,2026-02-19,Centro,Remoção de entulho,Fechado,52.5,4.0
260523,2026-02-19,Barra da Tijuca,Iluminação Pública,Fechado,38.3,4.0
260524,2026-02-19,Copacabana,Estacionamento irregular,Fechado,6.5,3.0
260525,2026-02-19,Realengo,Remoção de entulho,Fechado,41.8,4.0
260526,2026-02-19,Santa Cruz,Estacionamento irregular,Fechado,5.5,4.0
260527,2026-02-19,Campo Grande,Poda de árvore,Aberto,,
260528,2026-02-19,Campo Grande,Iluminação Pública,Fechado,47.5,4.0
260529,2026-02-19,Tijuca,Estacionamento irregular,Aberto,,
260530,2026-02-19,Realengo,Fiscalização de barulho,Fechado,2.8,3.0
260531,2026-02-19,Campo Grande,Remoção de entulho,Fechado,99.7,5.0
260532,2026-02-19,Tijuca,Remoção de entulho,Fechado,70.7,4.0
260533,2026-02-19,Copacabana,Iluminação Pública,Fechado,136.0,
260534,2026-02-19,Campo Grande,Poda de árvore,Aberto,,
260535,2026-02-19,Realengo,Fiscalização de barulho,Fechado,3.8,3.0
260536,2026-02-19,Copacabana,Iluminação Pública,Fechado,58.8,3.0
260537,2026-02-19,Botafogo,Iluminação Pública,Fechado,,
260538,2026-02-19,Campo Grande,Estacionamento irregular,Fechado,1.5,
260539,2026-02-19,Centro,Fiscalização de barulho,Fechado,5.0,2.0
260540,2026-02-19,Campo Grande,Remoção de entulho,Aberto,,
260541,2026-02-20,Tijuca,Poda de árvore,Fechado,73.9,5.0
260542,2026-02-20,Campo Grande,Iluminação Pública,Aberto,,
260543,2026-02-20,Santa Cruz,Iluminação Pública,Fechado,22.0,5.0
260544,2026-02-20,Realengo,Poda de árvore,Aberto,,
260545,2026-02-20,Santa Cruz,Iluminação Pública,Fechado,91.3,
260546,2026-02-20,Campo Grande,Buraco na via,Aberto,,
260547,2026-02-20,Madureira,Iluminação Pública,Fechado,88.7,
260548,2026-02-20,Centro,Estacionamento irregular,Aberto,,
260549,2026-02-20,Copacabana,Buraco na via,Fechado,531.4,2.0
260550,2026-02-20,Tijuca,Remoção de entulho,Fechado,96.3,
260551,2026-02-20,Realengo,Remoção de entulho,Fechado,,
260552,2026-02-20,Santa Cruz,Remoção de entulho,Fechado,53.9,
260553,2026-02-20,Copacabana,Buraco na via,Aberto,,
260554,2026-02-21,Santa Cruz,Estacionamento irregular,Fechado,1.1,
260555,2026-02-21,Tijuca,Iluminação Pública,Fechado,16.6,5.0
260556,2026-02-21,Copacabana,Fiscalização de barulho,Fechado,12.8,
260557,2026-02-21,Tijuca,Fiscalização de barulho,Fechado,2.4,3.0
260558,2026-02-21,Ipanema,Poda de árvore,Aberto,,
260559,2026-02-21,Copacabana,Iluminação Pública,Aberto,,
260560,2026-02-21,Campo Grande,Iluminação Pública,Fechado,102.7,
260561,2026-02-21,Santa Cruz,Poda de árvore,Fechado,139.5,4.0
260562,2026-02-21,Santa Cruz,Iluminação Pública,Fechado,57.7,4.0
260563,2026-02-21,Méier,Fiscalização de barulho,Fechado,4.2,2.0
260564,2026-02-21,Campo Grande,Fiscalização de barulho,Fechado,7.0,
260565,2026-02-21,Botafogo,Iluminação Pública,Aberto,,
260566,2026-02-21,Santa Cruz,Estacionamento irregular,Fechado,2.2,5.0
260567,2026-02-22,Méier,Buraco na via,Fechado,230.9,3.0
260568,2026-02-22,Santa Cruz,Estacionamento irregular,Fechado,2.6,5.0
260569,2026-02-22,Centro,Fiscalização de barulho,Fechado,4.0,3.0
260570,2026-02-22,Tijuca,Estacionamento irregular,Fechado,2.0,4.0
260571,2026-02-22,Campo Grande,Iluminação Pública,Fechado,42.5,4.0
260572,2026-02-22,Méier,Poda de árvore,Fechado,311.1,
260573,2026-02-22,Campo Grande,Iluminação Pública,Aberto,,
260574,2026-02-22,Barra da Tijuca,Iluminação Pública,Fechado,52.5,5.0
260575,2026-02-23,Campo Grande,Estacionamento irregular,Fechado,2.6,5.0
260576,2026-02-23,Campo Grande,Fiscalização de barulho,Fechado,7.3,
260577,2026-02-23,Botafogo,Remoção de entulho,Fechado,95.5,4.0
260578,2026-02-23,Realengo,Poda de árvore,Fechado,210.5,
260579,2026-02-23,Botafogo,Fiscalização de barulho,Fechado,15.2,
260580,2026-02-23,Tijuca,Buraco na via,Fechado,126.7,3.0
260581,2026-02-23,Realengo,Iluminação Pública,Fechado,58.9,4.0
260582,2026-02-23,Ipanema,Buraco na via,Fechado,409.1,
260583,2026-02-23,Botafogo,Remoção de entulho,Fechado,,2.0
260584,2026-02-24,Copacabana,Iluminação Pública,Fechado,48.3,4.0
260585,2026-02-24,Santa Cruz,Estacionamento irregular,Fechado,3.8,
260586,2026-02-24,Realengo,Poda de árvore,Fechado,,4.0
260587,2026-02-24,Realengo,Iluminação Pública,Fechado,85.1,4.0
260588,2026-02-24,Santa Cruz,Iluminação Pública,Fechado,54.5,
260589,2026-02-24,Campo Grande,Iluminação Pública,Fechado,115.5,
260590,2026-02-24,Barra da Tijuca,Iluminação Pública,Fechado,42.7,4.0
260591,2026-02-24,Campo Grande,Estacionamento irregular,Fechado,2.4,5.0
260592,2026-02-24,Santa Cruz,Iluminação Pública,Fechado,31.9,4.0
260593,2026-02-24,Campo Grande,Estacionamento irregular,Aberto,,
260594,2026-02-24,Copacabana,Estacionamento irregular,Fechado,4.6,
260595,2026-02-24,Realengo,Estacionamento irregular,Aberto,,
260596,2026-02-24,Santa Cruz,Iluminação Pública,Fechado,59.4,5.0
260597,2026-02-25,Campo Grande,Remoção de entulho,Fechado,54.6,4.0
260598,2026-02-25,Barra da Tijuca,Iluminação Pública,Fechado,60.8,3.0
260599,2026-02-25,Santa Cruz,Remoção de entulho,Fechado,125.5,3.0
260600,2026-02-25,Barra da Tijuca,Remoção de entulho,Aberto,,
260601,2026-02-25,Centro,Buraco na via,Fechado,156.2,
260602,2026-02-25,Copacabana,Buraco na via,Fechado,160.9,3.0
260603,2026-02-25,Campo Grande,Iluminação Pública,Fechado,34.0,
260604,2026-02-25,Campo Grande,Remoção de entulho,Fechado,94.2,
260605,2026-02-25,Campo Grande,Iluminação Pública,Fechado,88.0,
260606,2026-02-26,Santa Cruz,Iluminação Pública,Fechado,43.4,
260607,2026-02-26,Botafogo,Fiscalização de barulho,Fechado,3.2,3.0
260608,2026-02-26,Copacabana,Iluminação Pública,Aberto,,
260609,2026-02-26,Santa Cruz,Remoção de entulho,Fechado,,3.0
260610,2026-02-26,Copacabana,Iluminação Pública,Aberto,,
260611,2026-02-26,Tijuca,Buraco na via,Aberto,,
260612,2026-02-26,Santa Cruz,Poda de árvore,Fechado,136.5,4.0
260613,2026-02-26,Copacabana,Buraco na via,Fechado,94.2,
260614,2026-02-26,Tijuca,Buraco na via,Fechado,100.1,
260615,2026-02-26,Méier,Buraco na via,Fechado,85.6,
260616,2026-02-26,Copacabana,Remoção de entulho,Fechado,162.9,3.0
260617,2026-02-26,Centro,Iluminação Pública,Fechado,79.6,
260618,2026-02-27,Méier,Remoção de entulho,Fechado,51.8,
260619,2026-02-27,Copacabana,Buraco na via,Fechado,85.0,4.0
260620,2026-02-27,Santa Cruz,Buraco na via,Aberto,,
260621,2026-02-27,Santa Cruz,Iluminação Pública,Fechado,51.3,
260622,2026-02-27,Tijuca,Estacionamento irregular,Fechado,5.6,3.0
260623,2026-02-27,Santa Cruz,Estacionamento irregular,Aberto,,
260624,2026-02-27,Copacabana,Buraco na via,Fechado,67.6,5.0
260625,2026-02-27,Campo Grande,Poda de árvore,Fechado,239.5,
260626,2026-02-27,Campo Grande,Fiscalização de barulho,Fechado,4.1,3.0
260627,2026-02-27,Santa Cruz,Remoção de entulho,Fechado,54.0,4.0
260628,2026-02-27,Copacabana,Buraco na via,Fechado,210.5,3.0
260629,2026-02-27,Realengo,Iluminação Pública,Fechado,44.0,
260630,2026-02-27,Copacabana,Buraco na via,Fechado,134.8,
260631,2026-02-27,Copacabana,Buraco na via,Fechado,231.0,
260632,2026-02-27,Realengo,Poda de árvore,Fechado,216.8,5.0
260633,2026-02-27,Centro,Poda de árvore,Aberto,,
260634,2026-02-28,Botafogo,Estacionamento irregular,Fechado,5.1,
260635,2026-02-28,Botafogo,Remoção de entulho,Fechado,44.4,
260636,2026-02-28,Méier,Remoção de entulho,Fechado,84.9,3.0
260637,2026-02-28,Campo Grande,Fiscalização de barulho,Fechado,4.3,
260638,2026-02-28,Tijuca,Remoção de entulho,Fechado,63.7,3.0
260639,2026-02-28,Madureira,Buraco na via,Fechado,,3.0
260640,2026-02-28,Santa Cruz,Estacionamento irregular,Fechado,,3.0
260641,2026-02-28,Centro,Remoção de entulho,Fechado,49.3,5.0
260642,2026-02-28,Santa Cruz,Buraco na via,Fechado,181.7,
260643,2026-02-28,Ipanema,Remoção de entulho,Fechado,85.5,4.0
260644,2026-02-28,Copacabana,Buraco na via,Fechado,58.7,4.0
260645,2026-02-28,Copacabana,Iluminação Pública,Fechado,24.6,4.0
260646,2026-02-28,Campo Grande,Estacionamento irregular,Fechado,,5.0
260647,2026-02-28,Botafogo,Fiscalização de barulho,Fechado,5.9,2.0
260648,2026-03-01,Santa Cruz,Remoção de entulho,Aberto,,
260649,2026-03-01,Botafogo,Poda de árvore,Fechado,,5.0
260650,2026-03-01,Botafogo,Remoção de entulho,Fechado,21.3,4.0
260651,2026-03-01,Copacabana,Iluminação Pública,Fechado,31.1,5.0
260652,2026-03-01,Campo Grande,Iluminação Pública,Aberto,,
260653,2026-03-01,Santa Cruz,Fiscalização de barulho,Fechado,12.5,2.0
260654,2026-03-01,Copacabana,Poda de árvore,Fechado,125.7,4.0
260655,2026-03-02,Tijuca,Iluminação Pública,Fechado,81.0,3.0
260656,2026-03-02,Botafogo,Buraco na via,Aberto,,
260657,2026-03-02,Campo Grande,Iluminação Pública,Fechado,70.4,
260658,2026-03-02,Barra da Tijuca,Remoção de entulho,Fechado,30.0,5.0
260659,2026-03-02,Centro,Estacionamento irregular,Fechado,4.7,4.0
260660,2026-03-02,Santa Cruz,Iluminação Pública,Aberto,,
260661,2026-03-02,Campo Grande,Remoção de entulho,Fechado,110.4,
260662,2026-03-02,Santa Cruz,Remoção de entulho,Fechado,130.0,
260663,2026-03-02,Realengo,Iluminação Pública,Fechado,60.3,
260664,2026-03-03,Tijuca,Poda de árvore,Fechado,117.8,3.0
260665,2026-03-03,Campo Grande,Iluminação Pública,Fechado,19.5,4.0
260666,2026-03-03,Centro,Estacionamento irregular,Fechado,7.2,3.0
260667,2026-03-03,Realengo,Estacionamento irregular,Fechado,2.4,
260668,2026-03-03,Santa Cruz,Poda de árvore,Fechado,256.4,3.0
260669,2026-03-03,Campo Grande,Estacionamento irregular,Aberto,,
260670,2026-03-03,Santa Cruz,Buraco na via,Fechado,60.0,3.0
260671,2026-03-03,Méier,Buraco na via,Fechado,334.2,
260672,2026-03-03,Botafogo,Estacionamento irregular,Fechado,3.0,4.0
260673,2026-03-03,Ipanema,Fiscalização de barulho,Fechado,7.0,
260674,2026-03-03,Centro,Buraco na via,Fechado,110.2,3.0
260675,2026-03-03,Barra da Tijuca,Remoção de entulho,Fechado,46.2,5.0
260676,2026-03-03,Realengo,Buraco na via,Fechado,53.3,5.0
260677,2026-03-04,Centro,Estacionamento irregular,Fechado,3.9,3.0
260678,2026-03-04,Campo Grande,Buraco na via,Fechado,,3.0
260679,2026-03-04,Santa Cruz,Buraco na via,Fechado,67.1,3.0
260680,2026-03-04,Barra da Tijuca,Remoção de entulho,Fechado,98.7,4.0
260681,2026-03-04,Ipanema,Poda de árvore,Fechado,220.2,3.0
260682,2026-03-04,Campo Grande,Remoção de entulho,Fechado,56.3,
260683,2026-03-04,Realengo,Iluminação Pública,Fechado,33.3,
260684,2026-03-04,Realengo,Iluminação Pública,Aberto,,
260685,2026-03-04,Realengo,Fiscalização de barulho,Fechado,6.9,
260686,2026-03-04,Copacabana,Buraco na via,Fechado,47.2,4.0
260687,2026-03-04,Realengo,Iluminação Pública,Fechado,54.6,
260688,2026-03-04,Campo Grande,Fiscalização de barulho,Fechado,4.7,3.0
260689,2026-03-04,Madureira,Fiscalização de barulho,Fechado,7.2,
260690,2026-03-04,Campo Grande,Remoção de entulho,Fechado,149.2,2.0
260691,2026-03-04,Santa Cruz,Remoção de entulho,Fechado,96.4,3.0
260692,2026-03-05,Copacabana,Buraco na via,Fechado,66.6,3.0
260693,2026-03-05,Madureira,Iluminação Pública,Fechado,,4.0
260694,2026-03-05,Santa Cruz,Fiscalização de barulho,Fechado,8.8,
260695,2026-03-05,Botafogo,Iluminação Pública,Fechado,48.8,
260696,2026-03-05,Tijuca,Remoção de entulho,Fechado,113.7,
260697,2026-03-06,Barra da Tijuca,Estacionamento irregular,Fechado,3.6,
260698,2026-03-06,Santa Cruz,Iluminação Pública,Aberto,,
260699,2026-03-06,Realengo,Fiscalização de barulho,Fechado,4.0,3.0
260700,2026-03-06,Centro,Iluminação Pública,Aberto,,
260701,2026-03-06,Campo Grande,Remoção de entulho,Fechado,34.3,5.0
260702,2026-03-06,Copacabana,Fiscalização de barulho,Aberto,,
260703,2026-03-06,Copacabana,Iluminação Pública,Fechado,52.7,
260704,2026-03-06,Santa Cruz,Fiscalização de barulho,Fechado,7.9,2.0
260705,2026-03-06,Méier,Poda de árvore,Fechado,,4.0
260706,2026-03-06,Santa Cruz,Buraco na via,Aberto,,
260707,2026-03-06,Realengo,Remoção de entulho,Fechado,63.8,
260708,2026-03-06,Barra da Tijuca,Remoção de entulho,Aberto,,
260709,2026-03-07,Campo Grande,Buraco na via,Fechado,266.0,3.0
260710,2026-03-07,Santa Cruz,Estacionamento irregular,Fechado,2.5,
260711,2026-03-07,Santa Cruz,Estacionamento irregular,Fechado,8.8,3.0
260712,2026-03-07,Campo Grande,Remoção de entulho,Aberto,,
260713,2026-03-07,Realengo,Iluminação Pública,Fechado,64.8,4.0
260714,2026-03-07,Botafogo,Estacionamento irregular,Fechado,4.5,
260715,2026-03-07,Realengo,Iluminação Pública,Fechado,24.0,5.0
260716,2026-03-07,Barra da Tijuca,Remoção de entulho,Fechado,45.1,
260717,2026-03-08,Centro,Remoção de entulho,Fechado,,5.0
260718,2026-03-08,Realengo,Buraco na via,Fechado,80.6,5.0
260719,2026-03-08,Botafogo,Iluminação Pública,Fechado,57.1,
260720,2026-03-08,Tijuca,Buraco na via,Fechado,169.4,3.0
260721,2026-03-08,Ipanema,Buraco na via,Fechado,50.4,
260722,2026-03-08,Campo Grande,Iluminação Pública,Fechado,53.2,4.0
260723,2026-03-08,Botafogo,Iluminação Pública,Aberto,,
260724,2026-03-08,Centro,Iluminação Pública,Fechado,65.3,3.0
260725,2026-03-08,Realengo,Estacionamento irregular,Fechado,2.7,4.0
260726,2026-03-09,Realengo,Remoção de entulho,Fechado,32.4,
260727,2026-03-09,Santa Cruz,Buraco na via,Fechado,73.2,3.0
260728,2026-03-09,Campo Grande,Estacionamento irregular,Fechado,3.7,4.0
260729,2026-03-09,Santa Cruz,Remoção de entulho,Fechado,117.6,
260730,2026-03-09,Copacabana,Buraco na via,Fechado,108.8,
260731,2026-03-09,Ipanema,Buraco na via,Aberto,,
260732,2026-03-09,Tijuca,Remoção de entulho,Fechado,100.5,4.0
260733,2026-03-09,Madureira,Buraco na via,Fechado,180.9,
260734,2026-03-09,Santa Cruz,Iluminação Pública,Fechado,97.5,5.0
260735,2026-03-10,Campo Grande,Iluminação Pública,Aberto,,
260736,2026-03-10,Santa Cruz,Buraco na via,Fechado,19.6,5.0
260737,2026-03-10,Copacabana,Remoção de entulho,Fechado,,4.0
260738,2026-03-10,Realengo,Remoção de entulho,Fechado,61.4,4.0
260739,2026-03-11,Madureira,Estacionamento irregular,Fechado,7.2,3.0
260740,2026-03-11,Tijuca,Fiscalização de barulho,Fechado,2.4,
260741,2026-03-11,Copacabana,Remoção de entulho,Fechado,79.4,
260742,2026-03-11,Copacabana,Remoção de entulho,Fechado,91.1,3.0
260743,2026-03-11,Barra da Tijuca,Iluminação Pública,Fechado,42.9,
260744,2026-03-11,Copacabana,Estacionamento irregular,Fechado,2.1,
260745,2026-03-11,Campo Grande,Poda de árvore,Fechado,164.7,
260746,2026-03-11,Realengo,Iluminação Pública,Aberto,,
260747,2026-03-11,Tijuca,Estacionamento irregular,Fechado,,
260748,2026-03-12,Campo Grande,Poda de árvore,Fechado,143.4,
260749,2026-03-12,Copacabana,Iluminação Pública,Fechado,64.2,4.0
260750,2026-03-12,Realengo,Remoção de entulho,Fechado,145.6,3.0
260751,2026-03-12,Copacabana,Remoção de entulho,Fechado,110.0,2.0
260752,2026-03-12,Tijuca,Poda de árvore,Fechado,308.9,
260753,2026-03-12,Realengo,Buraco na via,Fechado,112.1,3.0
260754,2026-03-12,Centro,Remoção de entulho,Fechado,73.3,4.0
260755,2026-03-12,Campo Grande,Estacionamento irregular,Fechado,3.3,
260756,2026-03-13,Tijuca,Remoção de entulho,Fechado,38.7,5.0
260757,2026-03-13,Barra da Tijuca,Iluminação Pública,Fechado,51.4,4.0
260758,2026-03-13,Méier,Remoção de entulho,Fechado,303.4,3.0
260759,2026-03-13,Campo Grande,Iluminação Pública,Fechado,118.2,3.0
260760,2026-03-13,Campo Grande,Fiscalização de barulho,Fechado,7.6,2.0
260761,2026-03-13,Santa Cruz,Iluminação Pública,Fechado,39.3,
260762,2026-03-13,Campo Grande,Poda de árvore,Fechado,275.2,2.0
260763,2026-03-13,Copacabana,Iluminação Pública,Fechado,53.1,
260764,2026-03-13,Barra da Tijuca,Poda de árvore,Fechado,385.0,2.0
260765,2026-03-13,Santa Cruz,Estacionamento irregular,Fechado,5.6,3.0
260766,2026-03-13,Copacabana,Buraco na via,Fechado,157.4,3.0
260767,2026-03-13,Tijuca,Buraco na via,Fechado,36.5,5.0
260768,2026-03-13,Madureira,Iluminação Pública,Fechado,85.8,3.0
260769,2026-03-14,Realengo,Fiscalização de barulho,Fechado,,1.0
260770,2026-03-14,Copacabana,Fiscalização de barulho,Fechado,7.3,
260771,2026-03-14,Madureira,Poda de árvore,Fechado,207.2,3.0
260772,2026-03-14,Campo Grande,Remoção de entulho,Fechado,35.1,5.0
260773,2026-03-14,Centro,Buraco na via,Fechado,62.0,
260774,2026-03-14,Centro,Iluminação Pública,Aberto,,
260775,2026-03-14,Copacabana,Iluminação Pública,Fechado,60.7,4.0
260776,2026-03-14,Méier,Fiscalização de barulho,Fechado,4.8,2.0
260777,2026-03-14,Ipanema,Iluminação Pública,Fechado,25.2,5.0
260778,2026-03-14,Santa Cruz,Fiscalização de barulho,Fechado,6.8,1.0
260779,2026-03-14,Santa Cruz,Iluminação Pública,Aberto,,
260780,2026-03-14,Campo Grande,Estacionamento irregular,Aberto,,
260781,2026-03-15,Campo Grande,Buraco na via,Fechado,115.8,3.0
260782,2026-03-15,Realengo,Iluminação Pública,Aberto,,
260783,2026-03-15,Campo Grande,Buraco na via,Fechado,123.6,4.0
260784,2026-03-15,Campo Grande,Estacionamento irregular,Fechado,3.2,
260785,2026-03-15,Realengo,Poda de árvore,Fechado,231.8,3.0
260786,2026-03-15,Campo Grande,Buraco na via,Fechado,176.3,4.0
260787,2026-03-15,Copacabana,Iluminação Pública,Fechado,85.5,3.0
260788,2026-03-15,Campo Grande,Remoção de entulho,Fechado,178.1,3.0
260789,2026-03-15,Tijuca,Estacionamento irregular,Fechado,3.7,4.0
260790,2026-03-15,Campo Grande,Buraco na via,Fechado,122.6,
260791,2026-03-15,Copacabana,Estacionamento irregular,Fechado,,4.0
260792,2026-03-15,Tijuca,Poda de árvore,Aberto,,
260793,2026-03-15,Realengo,Buraco na via,Fechado,190.2,3.0
260794,2026-03-15,Barra da Tijuca,Buraco na via,Fechado,103.9,
260795,2026-03-16,Santa Cruz,Remoção de entulho,Fechado,36.4,4.0
260796,2026-03-16,Botafogo,Buraco na via,Fechado,,3.0
260797,2026-03-16,Santa Cruz,Iluminação Pública,Fechado,49.0,3.0
260798,2026-03-16,Santa Cruz,Buraco na via,Fechado,166.3,2.0
260799,2026-03-16,Realengo,Fiscalização de barulho,Fechado,3.8,2.0
260800,2026-03-16,Realengo,Estacionamento irregular,Fechado,,4.0
260801,2026-03-16,Campo Grande,Remoção de entulho,Fechado,136.2,4.0
260802,2026-03-16,Santa Cruz,Poda de árvore,Fechado,342.7,
260803,2026-03-16,Realengo,Fiscalização de barulho,Aberto,,
260804,2026-03-16,Santa Cruz,Remoção de entulho,Fechado,27.3,5.0
260805,2026-03-16,Tijuca,Fiscalização de barulho,Fechado,3.3,3.0
260806,2026-03-16,Santa Cruz,Fiscalização de barulho,Fechado,6.8,2.0
260807,2026-03-16,Tijuca,Iluminação Pública,Fechado,52.9,3.0
260808,2026-03-16,Realengo,Remoção de entulho,Fechado,36.1,
260809,2026-03-16,Centro,Poda de árvore,Fechado,278.9,2.0
260810,2026-03-17,Santa Cruz,Poda de árvore,Fechado,428.4,
260811,2026-03-17,Ipanema,Poda de árvore,Fechado,133.8,4.0
260812,2026-03-17,Campo Grande,Estacionamento irregular,Aberto,,
260813,2026-03-17,Campo Grande,Estacionamento irregular,Fechado,2.8,5.0
260814,2026-03-17,Santa Cruz,Fiscalização de barulho,Fechado,10.0,1.0
260815,2026-03-17,Realengo,Iluminação Pública,Fechado,28.4,4.0
260816,2026-03-17,Copacabana,Poda de árvore,Fechado,312.1,3.0
260817,2026-03-17,Botafogo,Buraco na via,Fechado,59.1,
260818,2026-03-17,Barra da Tijuca,Poda de árvore,Fechado,422.0,
260819,2026-03-18,Copacabana,Remoção de entulho,Fechado,72.5,3.0
260820,2026-03-18,Tijuca,Remoção de entulho,Fechado,66.4,5.0
260821,2026-03-18,Madureira,Iluminação Pública,Aberto,,
260822,2026-03-18,Tijuca,Buraco na via,Aberto,,
260823,2026-03-18,Barra da Tijuca,Poda de árvore,Fechado,220.5,4.0
260824,2026-03-18,Campo Grande,Iluminação Pública,Fechado,36.2,
260825,2026-03-18,Santa Cruz,Iluminação Pública,Aberto,,
260826,2026-03-18,Méier,Buraco na via,Fechado,436.0,
260827,2026-03-18,Campo Grande,Estacionamento irregular,Fechado,7.4,4.0
260828,2026-03-18,Campo Grande,Iluminação Pública,Fechado,31.9,
260829,2026-03-18,Realengo,Iluminação Pública,Fechado,44.5,3.0
260830,2026-03-18,Copacabana,Iluminação Pública,Fechado,54.5,3.0
260831,2026-03-18,Ipanema,Remoção de entulho,Fechado,35.6,5.0
260832,2026-03-19,Copacabana,Iluminação Pública,Aberto,,
260833,2026-03-19,Santa Cruz,Poda de árvore,Fechado,135.4,4.0
260834,2026-03-19,Botafogo,Fiscalização de barulho,Fechado,5.9,3.0
260835,2026-03-19,Realengo,Fiscalização de barulho,Fechado,11.0,1.0
260836,2026-03-19,Realengo,Remoção de entulho,Fechado,92.0,3.0
260837,2026-03-19,Santa Cruz,Buraco na via,Fechado,152.4,
260838,2026-03-19,Tijuca,Remoção de entulho,Aberto,,
260839,2026-03-19,Madureira,Iluminação Pública,Fechado,69.6,3.0
260840,2026-03-19,Campo Grande,Poda de árvore,Fechado,381.4,2.0
260841,2026-03-19,Copacabana,Buraco na via,Fechado,92.1,3.0
260842,2026-03-20,Santa Cruz,Remoção de entulho,Fechado,77.4,3.0
260843,2026-03-20,Copacabana,Estacionamento irregular,Aberto,,
260844,2026-03-20,Santa Cruz,Iluminação Pública,Fechado,46.7,4.0
260845,2026-03-20,Copacabana,Poda de árvore,Fechado,227.7,
260846,2026-03-20,Madureira,Remoção de entulho,Fechado,48.7,
260847,2026-03-20,Realengo,Buraco na via,Aberto,,
260848,2026-03-20,Realengo,Estacionamento irregular,Fechado,8.5,4.0
260849,2026-03-20,Tijuca,Estacionamento irregular,Fechado,2.6,
260850,2026-03-20,Centro,Iluminação Pública,Aberto,,
260851,2026-03-20,Botafogo,Poda de árvore,Fechado,267.2,
260852,2026-03-20,Campo Grande,Iluminação Pública,Fechado,68.4,3.0
260853,2026-03-20,Botafogo,Iluminação Pública,Fechado,29.6,5.0
260854,2026-03-20,Realengo,Fiscalização de barulho,Fechado,8.4,1.0
260855,2026-03-21,Realengo,Fiscalização de barulho,Fechado,5.2,2.0
260856,2026-03-21,Copacabana,Fiscalização de barulho,Fechado,2.3,3.0
260857,2026-03-21,Tijuca,Fiscalização de barulho,Aberto,,
260858,2026-03-21,Santa Cruz,Iluminação Pública,Fechado,53.0,
260859,2026-03-21,Centro,Buraco na via,Fechado,328.9,
260860,2026-03-21,Méier,Buraco na via,Fechado,107.0,
260861,2026-03-21,Copacabana,Iluminação Pública,Fechado,40.2,4.0
260862,2026-03-21,Madureira,Iluminação Pública,Fechado,42.3,4.0
260863,2026-03-21,Centro,Fiscalização de barulho,Fechado,5.1,
260864,2026-03-21,Campo Grande,Fiscalização de barulho,Fechado,5.5,2.0
260865,2026-03-21,Ipanema,Remoção de entulho,Fechado,39.1,5.0
260866,2026-03-21,Campo Grande,Estacionamento irregular,Fechado,8.3,4.0
260867,2026-03-21,Santa Cruz,Poda de árvore,Fechado,259.4,3.0
260868,2026-03-21,Ipanema,Remoção de entulho,Aberto,,
260869,2026-03-21,Copacabana,Iluminação Pública,Aberto,,
260870,2026-03-21,Santa Cruz,Remoção de entulho,Fechado,59.5,4.0
260871,2026-03-22,Tijuca,Iluminação Pública,Fechado,49.3,4.0
260872,2026-03-22,Campo Grande,Iluminação Pública,Aberto,,
260873,2026-03-22,Realengo,Iluminação Pública,Fechado,36.0,3.0
260874,2026-03-22,Centro,Poda de árvore,Fechado,233.8,3.0
260875,2026-03-22,Campo Grande,Buraco na via,Fechado,293.3,
260876,2026-03-22,Centro,Fiscalização de barulho,Fechado,5.4,3.0
260877,2026-03-22,Madureira,Buraco na via,Fechado,146.2,2.0
260878,2026-03-22,Realengo,Remoção de entulho,Fechado,149.3,
260879,2026-03-22,Tijuca,Poda de árvore,Fechado,300.9,3.0
260880,2026-03-22,Centro,Iluminação Pública,Fechado,40.5,
260881,2026-03-22,Santa Cruz,Estacionamento irregular,Fechado,5.7,5.0
260882,2026-03-22,Santa Cruz,Poda de árvore,Fechado,220.6,
260883,2026-03-22,Santa Cruz,Iluminação Pública,Fechado,39.8,
260884,2026-03-22,Botafogo,Estacionamento irregular,Fechado,2.2,
260885,2026-03-22,Santa Cruz,Poda de árvore,Fechado,186.8,
260886,2026-03-23,Copacabana,Fiscalização de barulho,Fechado,15.2,1.0
260887,2026-03-23,Ipanema,Poda de árvore,Fechado,493.3,2.0
260888,2026-03-23,Tijuca,Buraco na via,Fechado,183.3,4.0
260889,2026-03-23,Santa Cruz,Iluminação Pública,Fechado,27.5,
260890,2026-03-23,Barra da Tijuca,Fiscalização de barulho,Fechado,5.3,
260891,2026-03-23,Santa Cruz,Remoção de entulho,Fechado,36.7,4.0
260892,2026-03-23,Santa Cruz,Estacionamento irregular,Fechado,2.5,5.0
260893,2026-03-23,Campo Grande,Fiscalização de barulho,Aberto,,
260894,2026-03-23,Santa Cruz,Estacionamento irregular,Fechado,3.6,
260895,2026-03-23,Barra da Tijuca,Iluminação Pública,Fechado,45.2,
260896,2026-03-23,Méier,Iluminação Pública,Fechado,,4.0
260897,2026-03-23,Méier,Fiscalização de barulho,Fechado,8.4,
260898,2026-03-24,Campo Grande,Iluminação Pública,Fechado,41.8,
260899,2026-03-24,Tijuca,Poda de árvore,Fechado,643.6,3.0
260900,2026-03-24,Realengo,Fiscalização de barulho,Fechado,7.5,2.0
260901,2026-03-24,Madureira,Iluminação Pública,Fechado,26.8,4.0
260902,2026-03-24,Realengo,Poda de árvore,Fechado,227.6,
260903,2026-03-24,Copacabana,Fiscalização de barulho,Fechado,,1.0
260904,2026-03-24,Campo Grande,Fiscalização de barulho,Fechado,10.4,2.0
260905,2026-03-24,Santa Cruz,Fiscalização de barulho,Fechado,3.9,3.0
260906,2026-03-24,Centro,Remoção de entulho,Fechado,97.0,4.0
260907,2026-03-24,Campo Grande,Estacionamento irregular,Fechado,4.3,
260908,2026-03-24,Realengo,Fiscalização de barulho,Fechado,2.2,3.0
260909,2026-03-24,Centro,Buraco na via,Fechado,140.6,2.0
260910,2026-03-24,Campo Grande,Estacionamento irregular,Aberto,,
260911,2026-03-24,Santa Cruz,Iluminação Pública,Fechado,42.1,
260912,2026-03-25,Realengo,Iluminação Pública,Fechado,66.9,4.0
260913,2026-03-25,Madureira,Iluminação Pública,Fechado,45.2,
260914,2026-03-25,Méier,Fiscalização de barulho,Fechado,6.7,
260915,2026-03-25,Madureira,Poda de árvore,Fechado,203.0,
260916,2026-03-25,Tijuca,Iluminação Pública,Fechado,87.1,
260917,2026-03-25,Campo Grande,Buraco na via,Fechado,255.0,
260918,2026-03-25,Santa Cruz,Buraco na via,Fechado,46.0,
260919,2026-03-25,Tijuca,Iluminação Pública,Fechado,89.7,4.0
260920,2026-03-25,Méier,Estacionamento irregular,Fechado,4.4,5.0
260921,2026-03-25,Botafogo,Buraco na via,Fechado,144.5,3.0
260922,2026-03-25,Santa Cruz,Fiscalização de barulho,Fechado,10.0,2.0
260923,2026-03-26,Tijuca,Buraco na via,Aberto,,
260924,2026-03-26,Santa Cruz,Poda de árvore,Aberto,,
260925,2026-03-26,Campo Grande,Buraco na via,Aberto,,
260926,2026-03-26,Copacabana,Fiscalização de barulho,Fechado,5.3,2.0
260927,2026-03-26,Realengo,Iluminação Pública,Fechado,117.8,
260928,2026-03-26,Méier,Iluminação Pública,Fechado,41.0,5.0
260929,2026-03-26,Botafogo,Buraco na via,Fechado,113.3,4.0
260930,2026-03-26,Campo Grande,Iluminação Pública,Aberto,,
260931,2026-03-26,Realengo,Estacionamento irregular,Fechado,3.9,
260932,2026-03-27,Copacabana,Estacionamento irregular,Aberto,,
260933,2026-03-27,Copacabana,Buraco na via,Fechado,134.8,
260934,2026-03-27,Tijuca,Remoção de entulho,Fechado,55.9,
260935,2026-03-27,Campo Grande,Remoção de entulho,Fechado,58.3,4.0
260936,2026-03-27,Santa Cruz,Buraco na via,Fechado,177.0,
260937,2026-03-27,Santa Cruz,Estacionamento irregular,Aberto,,
260938,2026-03-27,Realengo,Iluminação Pública,Fechado,27.9,4.0
260939,2026-03-27,Centro,Estacionamento irregular,Fechado,3.9,5.0
260940,2026-03-27,Copacabana,Iluminação Pública,Fechado,73.8,4.0
260941,2026-03-27,Copacabana,Buraco na via,Fechado,77.5,
260942,2026-03-27,Realengo,Estacionamento irregular,Fechado,3.1,5.0
260943,2026-03-27,Centro,Fiscalização de barulho,Fechado,,3.0
260944,2026-03-27,Barra da Tijuca,Fiscalização de barulho,Fechado,3.0,
260945,2026-03-27,Campo Grande,Poda de árvore,Fechado,508.9,3.0
260946,2026-03-27,Madureira,Iluminação Pública,Aberto,,
260947,2026-03-27,Copacabana,Iluminação Pública,Fechado,37.2,
260948,2026-03-27,Botafogo,Remoção de entulho,Fechado,53.2,3.0
260949,2026-03-27,Santa Cruz,Buraco na via,Fechado,21.7,4.0
260950,2026-03-27,Tijuca,Poda de árvore,Fechado,754.0,2.0
260951,2026-03-27,Santa Cruz,Iluminação Pública,Fechado,41.8,5.0
260952,2026-03-28,Campo Grande,Remoção de entulho,Fechado,62.9,
260953,2026-03-28,Campo Grande,Remoção de entulho,Fechado,62.5,3.0
260954,2026-03-28,Realengo,Fiscalização de barulho,Fechado,2.3,1.0
260955,2026-03-28,Barra da Tijuca,Remoção de entulho,Fechado,66.4,5.0
260956,2026-03-28,Madureira,Buraco na via,Fechado,,4.0
260957,2026-03-28,Realengo,Buraco na via,Fechado,181.2,4.0
260958,2026-03-28,Tijuca,Buraco na via,Fechado,153.8,
260959,2026-03-28,Copacabana,Remoção de entulho,Fechado,72.7,3.0
260960,2026-03-28,Santa Cruz,Poda de árvore,Fechado,571.7,
260961,2026-03-28,Botafogo,Iluminação Pública,Fechado,29.8,4.0
260962,2026-03-28,Santa Cruz,Iluminação Pública,Fechado,26.4,5.0
260963,2026-03-28,Copacabana,Poda de árvore,Fechado,152.7,
260964,2026-03-28,Madureira,Iluminação Pública,Fechado,24.4,4.0
260965,2026-03-28,Barra da Tijuca,Poda de árvore,Fechado,269.6,
260966,2026-03-29,Campo Grande,Buraco na via,Fechado,189.3,3.0
260967,2026-03-29,Copacabana,Remoção de entulho,Fechado,126.2,4.0
260968,2026-03-29,Campo Grande,Buraco na via,Fechado,78.9,4.0
260969,2026-03-29,Copacabana,Poda de árvore,Fechado,119.6,4.0
260970,2026-03-29,Barra da Tijuca,Iluminação Pública,Fechado,109.6,2.0
260971,2026-03-29,Méier,Fiscalização de barulho,Aberto,,
260972,2026-03-29,Barra da Tijuca,Remoção de entulho,Fechado,58.9,4.0
260973,2026-03-29,Tijuca,Buraco na via,Fechado,124.2,4.0
260974,2026-03-29,Realengo,Iluminação Pública,Fechado,96.5,
260975,2026-03-29,Campo Grande,Estacionamento irregular,Fechado,5.5,
260976,2026-03-30,Madureira,Estacionamento irregular,Fechado,4.4,4.0
260977,2026-03-30,Realengo,Poda de árvore,Fechado,257.5,3.0
260978,2026-03-30,Campo Grande,Remoção de entulho,Fechado,52.1,4.0
260979,2026-03-30,Tijuca,Buraco na via,Fechado,254.9,2.0
260980,2026-03-30,Copacabana,Estacionamento irregular,Fechado,4.1,
260981,2026-03-30,Santa Cruz,Iluminação Pública,Fechado,63.2,4.0
260982,2026-03-30,Centro,Iluminação Pública,Aberto,,
260983,2026-03-30,Tijuca,Buraco na via,Fechado,380.5,2.0
260984,2026-03-30,Tijuca,Fiscalização de barulho,Fechado,11.0,
260985,2026-03-30,Centro,Remoção de entulho,Fechado,234.9,4.0
260986,2026-03-30,Botafogo,Buraco na via,Fechado,165.1,3.0
260987,2026-03-31,Santa Cruz,Remoção de entulho,Fechado,208.8,3.0
260988,2026-03-31,Barra da Tijuca,Estacionamento irregular,Fechado,7.6,4.0
260989,2026-03-31,Madureira,Iluminação Pública,Aberto,,
260990,2026-03-31,Centro,Buraco na via,Fechado,273.7,3.0
260991,2026-03-31,Santa Cruz,Poda de árvore,Aberto,,
260992,2026-03-31,Tijuca,Fiscalização de barulho,Fechado,27.7,
260993,2026-03-31,Madureira,Remoção de entulho,Fechado,79.0,3.0
260994,2026-03-31,Santa Cruz,Remoção de entulho,Fechado,37.3,4.0
260995,2026-03-31,Copacabana,Iluminação Pública,Fechado,58.8,4.0
260996,2026-04-01,Campo Grande,Iluminação Pública,Aberto,,
260997,2026-04-01,Realengo,Iluminação Pública,Fechado,60.4,4.0
260998,2026-04-01,Tijuca,Iluminação Pública,Fechado,49.3,4.0
260999,2026-04-01,Centro,Poda de árvore,Fechado,195.9,3.0
261000,2026-04-01,Campo Grande,Poda de árvore,Fechado,381.2,3.0
261001,2026-04-01,Centro,Estacionamento irregular,Fechado,2.8,5.0
261002,2026-04-01,Tijuca,Buraco na via,Fechado,174.6,3.0
261003,2026-04-01,Copacabana,Buraco na via,Fechado,65.9,5.0
261004,2026-04-01,Campo Grande,Fiscalização de barulho,Fechado,3.6,4.0
261005,2026-04-01,Tijuca,Fiscalização de barulho,Fechado,5.0,
261006,2026-04-01,Madureira,Iluminação Pública,Fechado,24.5,4.0
261007,2026-04-01,Campo Grande,Iluminação Pública,Fechado,43.7,
261008,2026-04-02,Campo Grande,Fiscalização de barulho,Fechado,12.6,2.0
261009,2026-04-02,Realengo,Remoção de entulho,Fechado,95.0,
261010,2026-04-02,Copacabana,Estacionamento irregular,Fechado,3.5,
261011,2026-04-02,Tijuca,Remoção de entulho,Aberto,,
261012,2026-04-02,Santa Cruz,Poda de árvore,Fechado,,
261013,2026-04-02,Realengo,Fiscalização de barulho,Fechado,3.6,2.0
261014,2026-04-02,Campo Grande,Buraco na via,Fechado,122.6,
261015,2026-04-02,Santa Cruz,Buraco na via,Fechado,138.4,
261016,2026-04-02,Méier,Iluminação Pública,Aberto,,
261017,2026-04-02,Barra da Tijuca,Remoção de entulho,Fechado,38.8,4.0
261018,2026-04-02,Botafogo,Remoção de entulho,Fechado,76.3,4.0
261019,2026-04-02,Tijuca,Estacionamento irregular,Fechado,3.6,
261020,2026-04-03,Méier,Buraco na via,Fechado,117.4,3.0
261021,2026-04-03,Copacabana,Buraco na via,Fechado,293.7,
261022,2026-04-03,Copacabana,Remoção de entulho,Fechado,,
261023,2026-04-03,Centro,Fiscalização de barulho,Fechado,2.7,3.0
261024,2026-04-03,Campo Grande,Iluminação Pública,Fechado,45.3,
261025,2026-04-03,Botafogo,Fiscalização de barulho,Aberto,,
261026,2026-04-03,Realengo,Poda de árvore,Fechado,247.0,3.0
261027,2026-04-03,Barra da Tijuca,Estacionamento irregular,Fechado,2.0,
261028,2026-04-03,Campo Grande,Fiscalização de barulho,Fechado,,3.0
261029,2026-04-03,Méier,Fiscalização de barulho,Aberto,,
261030,2026-04-03,Botafogo,Iluminação Pública,Fechado,27.9,
261031,2026-04-03,Copacabana,Iluminação Pública,Fechado,19.1,
261032,2026-04-03,Campo Grande,Iluminação Pública,Fechado,44.9,4.0
261033,2026-04-03,Copacabana,Buraco na via,Fechado,154.9,2.0
261034,2026-04-03,Santa Cruz,Remoção de entulho,Fechado,203.5,
261035,2026-04-03,Realengo,Iluminação Pública,Fechado,59.8,4.0
261036,2026-04-04,Santa Cruz,Estacionamento irregular,Fechado,12.8,3.0
261037,2026-04-04,Tijuca,Buraco na via,Aberto,,
261038,2026-04-04,Botafogo,Remoção de entulho,Fechado,150.4,5.0
261039,2026-04-04,Centro,Iluminação Pública,Fechado,45.9,4.0
261040,2026-04-04,Copacabana,Fiscalização de barulho,Fechado,5.7,2.0
261041,2026-04-04,Copacabana,Remoção de entulho,Fechado,32.6,4.0
261042,2026-04-04,Santa Cruz,Fiscalização de barulho,Aberto,,
261043,2026-04-04,Centro,Fiscalização de barulho,Fechado,2.5,3.0
261044,2026-04-04,Tijuca,Estacionamento irregular,Fechado,7.2,4.0
261045,2026-04-04,Copacabana,Iluminação Pública,Fechado,89.0,
261046,2026-04-04,Campo Grande,Remoção de entulho,Fechado,105.0,
261047,2026-04-04,Realengo,Remoção de entulho,Fechado,98.9,3.0
261048,2026-04-04,Campo Grande,Buraco na via,Fechado,54.1,4.0
261049,2026-04-04,Madureira,Iluminação Pública,Fechado,19.5,5.0
261050,2026-04-05,Copacabana,Buraco na via,Fechado,93.4,3.0
261051,2026-04-05,Centro,Buraco na via,Fechado,156.1,
261052,2026-04-05,Méier,Iluminação Pública,Fechado,78.1,3.0
261053,2026-04-05,Méier,Poda de árvore,Fechado,423.0,3.0
261054,2026-04-05,Campo Grande,Iluminação Pública,Fechado,36.9,4.0
261055,2026-04-05,Copacabana,Poda de árvore,Fechado,132.7,5.0
261056,2026-04-05,Botafogo,Fiscalização de barulho,Aberto,,
261057,2026-04-05,Realengo,Poda de árvore,Fechado,279.4,
261058,2026-04-05,Barra da Tijuca,Iluminação Pública,Aberto,,
261059,2026-04-05,Tijuca,Poda de árvore,Fechado,199.4,
261060,2026-04-05,Copacabana,Buraco na via,Fechado,120.6,3.0
261061,2026-04-06,Botafogo,Estacionamento irregular,Fechado,2.4,5.0
261062,2026-04-06,Santa Cruz,Buraco na via,Aberto,,
261063,2026-04-06,Campo Grande,Iluminação Pública,Fechado,47.6,3.0
261064,2026-04-06,Ipanema,Remoção de entulho,Aberto,,
261065,2026-04-06,Santa Cruz,Buraco na via,Fechado,128.5,
261066,2026-04-06,Realengo,Iluminação Pública,Fechado,75.5,3.0
261067,2026-04-06,Campo Grande,Fiscalização de barulho,Fechado,8.2,1.0
261068,2026-04-06,Madureira,Estacionamento irregular,Fechado,2.2,5.0
261069,2026-04-06,Centro,Fiscalização de barulho,Aberto,,
261070,2026-04-06,Campo Grande,Remoção de entulho,Fechado,51.4,4.0
261071,2026-04-06,Campo Grande,Iluminação Pública,Fechado,37.8,4.0
261072,2026-04-07,Ipanema,Poda de árvore,Fechado,303.0,
261073,2026-04-07,Santa Cruz,Poda de árvore,Fechado,221.9,4.0
261074,2026-04-07,Campo Grande,Buraco na via,Fechado,135.8,
261075,2026-04-07,Campo Grande,Fiscalização de barulho,Fechado,3.7,
261076,2026-04-07,Copacabana,Fiscalização de barulho,Fechado,2.8,3.0
261077,2026-04-07,Copacabana,Iluminação Pública,Aberto,,
261078,2026-04-07,Madureira,Buraco na via,Fechado,84.5,
261079,2026-04-08,Madureira,Estacionamento irregular,Fechado,4.8,4.0
261080,2026-04-08,Realengo,Remoção de entulho,Fechado,59.8,4.0
261081,2026-04-08,Realengo,Iluminação Pública,Aberto,,
261082,2026-04-08,Campo Grande,Remoção de entulho,Fechado,72.8,
261083,2026-04-08,Barra da Tijuca,Buraco na via,Fechado,121.5,2.0
261084,2026-04-08,Copacabana,Buraco na via,Aberto,,
261085,2026-04-08,Campo Grande,Iluminação Pública,Fechado,46.9,4.0
261086,2026-04-08,Santa Cruz,Buraco na via,Fechado,110.8,
261087,2026-04-08,Botafogo,Iluminação Pública,Fechado,,5.0
261088,2026-04-08,Copacabana,Poda de árvore,Aberto,,
261089,2026-04-08,Campo Grande,Remoção de entulho,Fechado,76.1,4.0
261090,2026-04-08,Realengo,Iluminação Pública,Fechado,68.6,4.0
261091,2026-04-09,Tijuca,Poda de árvore,Fechado,229.2,
261092,2026-04-09,Realengo,Buraco na via,Fechado,141.6,
261093,2026-04-09,Santa Cruz,Fiscalização de barulho,Aberto,,
261094,2026-04-09,Campo Grande,Fiscalização de barulho,Fechado,5.8,
261095,2026-04-09,Tijuca,Poda de árvore,Fechado,124.0,4.0
261096,2026-04-09,Centro,Buraco na via,Fechado,160.1,3.0
261097,2026-04-09,Copacabana,Estacionamento irregular,Aberto,,
261098,2026-04-10,Méier,Fiscalização de barulho,Fechado,2.8,3.0
261099,2026-04-10,Realengo,Remoção de entulho,Fechado,276.0,
261100,2026-04-10,Barra da Tijuca,Estacionamento irregular,Fechado,4.2,
261101,2026-04-10,Botafogo,Buraco na via,Fechado,153.5,3.0
261102,2026-04-10,Realengo,Fiscalização de barulho,Fechado,6.7,
261103,2026-04-10,Botafogo,Fiscalização de barulho,Fechado,6.7,
261104,2026-04-10,Realengo,Remoção de entulho,Fechado,17.3,5.0
261105,2026-04-10,Botafogo,Fiscalização de barulho,Fechado,9.9,2.0
261106,2026-04-10,Realengo,Estacionamento irregular,Fechado,,4.0
261107,2026-04-10,Barra da Tijuca,Buraco na via,Fechado,,
261108,2026-04-10,Botafogo,Remoção de entulho,Fechado,153.7,3.0
261109,2026-04-10,Copacabana,Iluminação Pública,Aberto,,
261110,2026-04-10,Tijuca,Estacionamento irregular,Fechado,6.7,
261111,2026-04-10,Santa Cruz,Buraco na via,Fechado,79.4,3.0
261112,2026-04-10,Realengo,Iluminação Pública,Aberto,,
261113,2026-04-10,Santa Cruz,Iluminação Pública,Fechado,47.7,
261114,2026-04-10,Realengo,Estacionamento irregular,Fechado,8.8,3.0
261115,2026-04-10,Barra da Tijuca,Remoção de entulho,Fechado,44.9,
261116,2026-04-10,Campo Grande,Poda de árvore,Fechado,163.2,3.0
261117,2026-04-11,Copacabana,Fiscalização de barulho,Fechado,8.7,1.0
261118,2026-04-11,Méier,Remoção de entulho,Fechado,88.2,
261119,2026-04-11,Méier,Iluminação Pública,Fechado,22.0,4.0
261120,2026-04-11,Tijuca,Remoção de entulho,Fechado,62.2,4.0
261121,2026-04-11,Campo Grande,Fiscalização de barulho,Fechado,12.6,
261122,2026-04-11,Realengo,Fiscalização de barulho,Fechado,3.6,2.0
261123,2026-04-11,Botafogo,Estacionamento irregular,Fechado,4.9,5.0
261124,2026-04-11,Copacabana,Iluminação Pública,Fechado,40.9,
261125,2026-04-11,Copacabana,Iluminação Pública,Fechado,32.0,
261126,2026-04-11,Madureira,Iluminação Pública,Fechado,98.0,
261127,2026-04-11,Copacabana,Poda de árvore,Fechado,315.0,
261128,2026-04-11,Santa Cruz,Poda de árvore,Aberto,,
261129,2026-04-11,Copacabana,Remoção de entulho,Fechado,,3.0
261130,2026-04-11,Botafogo,Iluminação Pública,Fechado,97.6,3.0
261131,2026-04-11,Copacabana,Iluminação Pública,Fechado,72.2,3.0
261132,2026-04-12,Botafogo,Remoção de entulho,Aberto,,
261133,2026-04-12,Santa Cruz,Poda de árvore,Fechado,371.9,3.0
261134,2026-04-12,Centro,Estacionamento irregular,Fechado,3.4,5.0
261135,2026-04-12,Tijuca,Buraco na via,Aberto,,
261136,2026-04-12,Copacabana,Iluminação Pública,Fechado,26.9,5.0
261137,2026-04-12,Realengo,Remoção de entulho,Fechado,88.0,
261138,2026-04-13,Tijuca,Iluminação Pública,Fechado,37.0,5.0
261139,2026-04-13,Barra da Tijuca,Remoção de entulho,Aberto,,
261140,2026-04-13,Santa Cruz,Fiscalização de barulho,Fechado,16.4,
261141,2026-04-13,Centro,Estacionamento irregular,Aberto,,
261142,2026-04-13,Tijuca,Estacionamento irregular,Aberto,,
261143,2026-04-13,Copacabana,Fiscalização de barulho,Aberto,,
261144,2026-04-13,Centro,Remoção de entulho,Fechado,53.5,4.0
261145,2026-04-13,Madureira,Fiscalização de barulho,Aberto,,
261146,2026-04-13,Realengo,Buraco na via,Aberto,,
261147,2026-04-13,Santa Cruz,Buraco na via,Fechado,60.7,4.0
261148,2026-04-14,Campo Grande,Fiscalização de barulho,Aberto,,
261149,2026-04-14,Centro,Iluminação Pública,Aberto,,
261150,2026-04-14,Méier,Buraco na via,Fechado,61.6,4.0
261151,2026-04-14,Centro,Iluminação Pública,Fechado,25.2,
261152,2026-04-14,Méier,Fiscalização de barulho,Fechado,10.1,2.0
261153,2026-04-14,Madureira,Iluminação Pública,Fechado,54.4,4.0
261154,2026-04-14,Tijuca,Estacionamento irregular,Fechado,7.0,
261155,2026-04-14,Tijuca,Remoção de entulho,Fechado,47.3,
261156,2026-04-14,Botafogo,Iluminação Pública,Fechado,51.3,3.0
261157,2026-04-15,Santa Cruz,Remoção de entulho,Aberto,,
261158,2026-04-15,Santa Cruz,Iluminação Pública,Fechado,40.3,5.0
261159,2026-04-15,Realengo,Estacionamento irregular,Fechado,2.5,
261160,2026-04-15,Copacabana,Iluminação Pública,Fechado,35.4,4.0
261161,2026-04-15,Campo Grande,Buraco na via,Fechado,107.6,
261162,2026-04-15,Copacabana,Buraco na via,Fechado,106.8,5.0
261163,2026-04-15,Centro,Poda de árvore,Fechado,482.3,3.0
261164,2026-04-15,Tijuca,Remoção de entulho,Fechado,86.1,4.0
261165,2026-04-16,Copacabana,Poda de árvore,Fechado,163.2,
261166,2026-04-16,Copacabana,Fiscalização de barulho,Fechado,3.9,
261167,2026-04-16,Santa Cruz,Iluminação Pública,Aberto,,
261168,2026-04-16,Realengo,Iluminação Pública,Fechado,17.3,
261169,2026-04-16,Copacabana,Remoção de entulho,Fechado,164.8,3.0
261170,2026-04-16,Madureira,Iluminação Pública,Fechado,44.7,
261171,2026-04-16,Centro,Remoção de entulho,Fechado,96.2,4.0
261172,2026-04-16,Campo Grande,Fiscalização de barulho,Fechado,2.0,3.0
261173,2026-04-16,Campo Grande,Iluminação Pública,Fechado,34.5,
261174,2026-04-16,Méier,Buraco na via,Fechado,79.5,
261175,2026-04-16,Realengo,Buraco na via,Fechado,173.9,3.0
261176,2026-04-17,Copacabana,Buraco na via,Fechado,106.1,3.0
261177,2026-04-17,Santa Cruz,Iluminação Pública,Fechado,51.1,5.0
261178,2026-04-17,Campo Grande,Poda de árvore,Fechado,309.2,3.0
261179,2026-04-17,Copacabana,Iluminação Pública,Fechado,131.7,
261180,2026-04-17,Campo Grande,Poda de árvore,Fechado,408.0,2.0
261181,2026-04-17,Campo Grande,Remoção de entulho,Fechado,65.3,4.0
261182,2026-04-17,Tijuca,Iluminação Pública,Fechado,20.0,5.0
261183,2026-04-17,Ipanema,Poda de árvore,Fechado,315.8,2.0
261184,2026-04-17,Barra da Tijuca,Estacionamento irregular,Fechado,6.1,4.0
261185,2026-04-17,Santa Cruz,Poda de árvore,Fechado,521.6,2.0
261186,2026-04-17,Barra da Tijuca,Remoção de entulho,Fechado,44.3,
261187,2026-04-17,Santa Cruz,Iluminação Pública,Fechado,45.6,
261188,2026-04-17,Santa Cruz,Fiscalização de barulho,Fechado,2.4,2.0
261189,2026-04-17,Madureira,Poda de árvore,Aberto,,
261190,2026-04-17,Realengo,Remoção de entulho,Fechado,70.0,4.0
261191,2026-04-17,Madureira,Remoção de entulho,Fechado,105.0,
261192,2026-04-17,Centro,Estacionamento irregular,Aberto,,
261193,2026-04-18,Campo Grande,Buraco na via,Fechado,213.6,3.0
261194,2026-04-18,Centro,Fiscalização de barulho,Aberto,,
261195,2026-04-18,Realengo,Buraco na via,Fechado,106.1,2.0
261196,2026-04-18,Tijuca,Remoção de entulho,Fechado,22.5,5.0
261197,2026-04-18,Barra da Tijuca,Estacionamento irregular,Fechado,2.8,5.0
261198,2026-04-18,Botafogo,Estacionamento irregular,Aberto,,
261199,2026-04-18,Campo Grande,Poda de árvore,Fechado,171.8,4.0
261200,2026-04-18,Botafogo,Iluminação Pública,Fechado,58.8,
261201,2026-04-18,Tijuca,Iluminação Pública,Fechado,86.5,
261202,2026-04-18,Centro,Remoção de entulho,Fechado,29.3,5.0
261203,2026-04-18,Copacabana,Poda de árvore,Aberto,,
261204,2026-04-19,Méier,Poda de árvore,Fechado,198.6,3.0
261205,2026-04-19,Méier,Buraco na via,Fechado,282.2,4.0
261206,2026-04-19,Tijuca,Iluminação Pública,Fechado,103.2,3.0
261207,2026-04-19,Barra da Tijuca,Buraco na via,Fechado,89.9,
261208,2026-04-19,Santa Cruz,Remoção de entulho,Fechado,53.6,4.0
261209,2026-04-19,Tijuca,Poda de árvore,Aberto,,
261210,2026-04-19,Centro,Buraco na via,Fechado,76.4,2.0
261211,2026-04-20,Barra da Tijuca,Poda de árvore,Aberto,,
261212,2026-04-20,Copacabana,Fiscalização de barulho,Fechado,3.4,
261213,2026-04-20,Tijuca,Fiscalização de barulho,Aberto,,
261214,2026-04-20,Tijuca,Poda de árvore,Fechado,,3.0
261215,2026-04-20,Realengo,Buraco na via,Fechado,111.1,
261216,2026-04-20,Madureira,Poda de árvore,Fechado,344.8,
261217,2026-04-20,Santa Cruz,Iluminação Pública,Fechado,67.7,3.0
261218,2026-04-20,Centro,Fiscalização de barulho,Fechado,6.3,
261219,2026-04-20,Barra da Tijuca,Remoção de entulho,Fechado,58.4,
261220,2026-04-21,Campo Grande,Buraco na via,Fechado,100.3,
261221,2026-04-21,Centro,Estacionamento irregular,Aberto,,
261222,2026-04-21,Campo Grande,Remoção de entulho,Fechado,58.9,3.0
261223,2026-04-21,Campo Grande,Remoção de entulho,Fechado,64.2,3.0
261224,2026-04-21,Tijuca,Estacionamento irregular,Aberto,,
261225,2026-04-21,Tijuca,Buraco na via,Fechado,90.0,4.0
261226,2026-04-21,Tijuca,Remoção de entulho,Aberto,,
261227,2026-04-21,Campo Grande,Fiscalização de barulho,Fechado,11.8,1.0
261228,2026-04-22,Centro,Remoção de entulho,Aberto,,
261229,2026-04-22,Campo Grande,Buraco na via,Aberto,,
261230,2026-04-22,Santa Cruz,Buraco na via,Fechado,150.8,3.0
261231,2026-04-22,Campo Grande,Buraco na via,Fechado,76.7,4.0
261232,2026-04-22,Santa Cruz,Poda de árvore,Fechado,174.9,4.0
261233,2026-04-22,Realengo,Remoção de entulho,Fechado,134.1,3.0
261234,2026-04-22,Botafogo,Remoção de entulho,Fechado,42.0,4.0
261235,2026-04-22,Tijuca,Fiscalização de barulho,Fechado,7.1,2.0
261236,2026-04-22,Tijuca,Estacionamento irregular,Fechado,3.3,4.0
261237,2026-04-22,Campo Grande,Fiscalização de barulho,Aberto,,
261238,2026-04-22,Tijuca,Estacionamento irregular,Fechado,6.4,3.0
261239,2026-04-22,Campo Grande,Buraco na via,Fechado,118.4,
261240,2026-04-22,Botafogo,Remoção de entulho,Aberto,,
261241,2026-04-22,Campo Grande,Iluminação Pública,Fechado,53.2,
261242,2026-04-23,Copacabana,Fiscalização de barulho,Fechado,4.2,3.0
261243,2026-04-23,Santa Cruz,Remoção de entulho,Fechado,48.9,4.0
261244,2026-04-23,Campo Grande,Poda de árvore,Fechado,267.2,4.0
261245,2026-04-23,Copacabana,Remoção de entulho,Fechado,104.3,
261246,2026-04-23,Campo Grande,Buraco na via,Fechado,1343.4,1.0
261247,2026-04-23,Campo Grande,Estacionamento irregular,Fechado,6.0,5.0
261248,2026-04-23,Centro,Iluminação Pública,Fechado,59.7,
261249,2026-04-24,Copacabana,Iluminação Pública,Fechado,28.4,
261250,2026-04-24,Campo Grande,Buraco na via,Fechado,92.2,
261251,2026-04-24,Centro,Poda de árvore,Aberto,,
261252,2026-04-24,Campo Grande,Iluminação Pública,Aberto,,
261253,2026-04-24,Santa Cruz,Fiscalização de barulho,Fechado,4.3,
261254,2026-04-24,Campo Grande,Buraco na via,Fechado,68.0,4.0
261255,2026-04-24,Copacabana,Poda de árvore,Fechado,251.2,3.0
261256,2026-04-24,Santa Cruz,Remoção de entulho,Fechado,42.8,
261257,2026-04-24,Méier,Iluminação Pública,Fechado,37.3,4.0
261258,2026-04-25,Centro,Remoção de entulho,Fechado,88.5,3.0
261259,2026-04-25,Méier,Fiscalização de barulho,Fechado,3.1,
261260,2026-04-25,Copacabana,Poda de árvore,Fechado,486.6,3.0
261261,2026-04-25,Realengo,Poda de árvore,Aberto,,
261262,2026-04-25,Santa Cruz,Fiscalização de barulho,Fechado,5.1,
261263,2026-04-25,Santa Cruz,Remoção de entulho,Fechado,77.6,
261264,2026-04-25,Copacabana,Buraco na via,Fechado,278.0,
261265,2026-04-25,Santa Cruz,Remoção de entulho,Fechado,145.0,3.0
261266,2026-04-25,Tijuca,Poda de árvore,Fechado,177.6,
261267,2026-04-25,Tijuca,Iluminação Pública,Fechado,70.4,3.0
261268,2026-04-26,Campo Grande,Poda de árvore,Fechado,120.3,
261269,2026-04-26,Copacabana,Estacionamento irregular,Fechado,2.9,
261270,2026-04-26,Tijuca,Buraco na via,Fechado,155.8,3.0
261271,2026-04-26,Ipanema,Remoção de entulho,Fechado,81.8,4.0
261272,2026-04-26,Centro,Remoção de entulho,Fechado,114.5,3.0
261273,2026-04-26,Tijuca,Remoção de entulho,Aberto,,
261274,2026-04-26,Copacabana,Remoção de entulho,Fechado,54.8,4.0
261275,2026-04-26,Botafogo,Buraco na via,Fechado,174.2,2.0
261276,2026-04-26,Botafogo,Remoção de entulho,Aberto,,
261277,2026-04-26,Madureira,Estacionamento irregular,Fechado,4.4,4.0
261278,2026-04-26,Méier,Remoção de entulho,Fechado,30.8,4.0
261279,2026-04-26,Tijuca,Fiscalização de barulho,Fechado,3.1,3.0
261280,2026-04-27,Santa Cruz,Fiscalização de barulho,Fechado,1.3,3.0
261281,2026-04-27,Campo Grande,Remoção de entulho,Fechado,260.4,
261282,2026-04-27,Campo Grande,Buraco na via,Aberto,,
261283,2026-04-27,Tijuca,Buraco na via,Fechado,134.8,3.0
261284,2026-04-27,Centro,Poda de árvore,Aberto,,
261285,2026-04-27,Copacabana,Buraco na via,Fechado,82.0,4.0
261286,2026-04-27,Campo Grande,Iluminação Pública,Fechado,43.5,4.0
261287,2026-04-27,Botafogo,Remoção de entulho,Fechado,85.9,4.0
261288,2026-04-27,Tijuca,Buraco na via,Fechado,,3.0
261289,2026-04-28,Tijuca,Buraco na via,Aberto,,
261290,2026-04-28,Copacabana,Iluminação Pública,Fechado,52.1,4.0
261291,2026-04-28,Campo Grande,Fiscalização de barulho,Fechado,6.8,
261292,2026-04-28,Campo Grande,Fiscalização de barulho,Fechado,15.8,1.0
261293,2026-04-28,Copacabana,Buraco na via,Fechado,108.6,3.0
261294,2026-04-28,Ipanema,Iluminação Pública,Fechado,18.7,4.0
261295,2026-04-28,Botafogo,Buraco na via,Fechado,103.8,
261296,2026-04-28,Santa Cruz,Iluminação Pública,Fechado,42.7,
261297,2026-04-28,Campo Grande,Iluminação Pública,Aberto,,
261298,2026-04-28,Méier,Iluminação Pública,Fechado,73.2,
261299,2026-04-28,Tijuca,Poda de árvore,Aberto,,
261300,2026-04-28,Campo Grande,Iluminação Pública,Aberto,,
261301,2026-04-28,Méier,Buraco na via,Fechado,90.4,4.0
261302,2026-04-28,Copacabana,Iluminação Pública,Fechado,39.9,5.0
261303,2026-04-28,Barra da Tijuca,Buraco na via,Aberto,,
261304,2026-04-29,Campo Grande,Fiscalização de barulho,Aberto,,
261305,2026-04-29,Santa Cruz,Buraco na via,Fechado,50.0,
261306,2026-04-29,Copacabana,Buraco na via,Fechado,92.3,3.0
261307,2026-04-29,Campo Grande,Poda de árvore,Fechado,218.1,5.0
261308,2026-04-29,Santa Cruz,Remoção de entulho,Fechado,81.4,
261309,2026-04-29,Tijuca,Buraco na via,Aberto,,
261310,2026-04-29,Madureira,Poda de árvore,Fechado,282.2,
261311,2026-04-29,Campo Grande,Remoção de entulho,Fechado,29.3,
261312,2026-04-29,Tijuca,Remoção de entulho,Fechado,28.5,
261313,2026-04-29,Campo Grande,Estacionamento irregular,Fechado,2.5,4.0
261314,2026-04-29,Campo Grande,Iluminação Pública,Fechado,26.7,
261315,2026-04-29,Botafogo,Fiscalização de barulho,Fechado,5.8,2.0
261316,2026-04-29,Realengo,Remoção de entulho,Fechado,57.1,4.0
261317,2026-04-29,Santa Cruz,Remoção de entulho,Fechado,80.4,
261318,2026-04-29,Realengo,Poda de árvore,Aberto,,
261319,2026-04-29,Campo Grande,Remoção de entulho,Fechado,71.7,4.0
261320,2026-04-29,Santa Cruz,Estacionamento irregular,Aberto,,
261321,2026-04-29,Ipanema,Buraco na via,Aberto,,
261322,2026-04-29,Centro,Iluminação Pública,Fechado,68.2,
261323,2026-04-30,Santa Cruz,Remoção de entulho,Fechado,116.0,3.0
261324,2026-04-30,Madureira,Remoção de entulho,Fechado,32.9,4.0
261325,2026-04-30,Copacabana,Iluminação Pública,Fechado,43.9,
261326,2026-04-30,Centro,Fiscalização de barulho,Fechado,6.5,
261327,2026-04-30,Copacabana,Iluminação Pública,Fechado,102.0,3.0
261328,2026-04-30,Copacabana,Remoção de entulho,Fechado,50.9,4.0
261329,2026-04-30,Campo Grande,Poda de árvore,Fechado,336.6,
261330,2026-04-30,Santa Cruz,Iluminação Pública,Fechado,39.9,5.0
261331,2026-04-30,Copacabana,Buraco na via,Fechado,79.7,
261332,2026-04-30,Barra da Tijuca,Iluminação Pública,Aberto,,
261333,2026-04-30,Copacabana,Estacionamento irregular,Fechado,4.7,
261334,2026-04-30,Tijuca,Fiscalização de barulho,Fechado,4.9,2.0
261335,2026-04-30,Copacabana,Estacionamento irregular,Fechado,4.1,5.0
261336,2026-04-30,Madureira,Buraco na via,Fechado,106.6,
261337,2026-04-30,Campo Grande,Poda de árvore,Fechado,206.8,
261338,2026-04-30,Realengo,Poda de árvore,Aberto,,
261339,2026-05-01,Realengo,Iluminação Pública,Aberto,,
261340,2026-05-01,Campo Grande,Buraco na via,Fechado,,
261341,2026-05-01,Realengo,Estacionamento irregular,Fechado,3.1,
261342,2026-05-01,Centro,Remoção de entulho,Fechado,106.3,
261343,2026-05-01,Méier,Fiscalização de barulho,Aberto,,
261344,2026-05-01,Copacabana,Remoção de entulho,Fechado,80.6,
261345,2026-05-02,Barra da Tijuca,Buraco na via,Fechado,432.9,
261346,2026-05-02,Realengo,Poda de árvore,Fechado,119.1,
261347,2026-05-02,Realengo,Buraco na via,Fechado,183.4,3.0
261348,2026-05-02,Santa Cruz,Buraco na via,Fechado,107.5,3.0
261349,2026-05-02,Realengo,Remoção de entulho,Fechado,101.2,3.0
261350,2026-05-02,Copacabana,Buraco na via,Fechado,92.6,4.0
261351,2026-05-02,Copacabana,Estacionamento irregular,Fechado,11.1,
261352,2026-05-02,Santa Cruz,Estacionamento irregular,Fechado,6.1,
261353,2026-05-02,Campo Grande,Estacionamento irregular,Fechado,1.4,4.0
261354,2026-05-03,Barra da Tijuca,Poda de árvore,Fechado,159.3,4.0
261355,2026-05-03,Tijuca,Iluminação Pública,Aberto,,
261356,2026-05-03,Campo Grande,Poda de árvore,Fechado,324.4,4.0
261357,2026-05-03,Santa Cruz,Buraco na via,Fechado,125.4,3.0
261358,2026-05-03,Centro,Remoção de entulho,Aberto,,
261359,2026-05-03,Copacabana,Estacionamento irregular,Fechado,4.5,
261360,2026-05-03,Madureira,Buraco na via,Fechado,228.7,
261361,2026-05-03,Tijuca,Iluminação Pública,Fechado,33.8,4.0
261362,2026-05-03,Realengo,Remoção de entulho,Fechado,31.4,5.0
261363,2026-05-03,Tijuca,Estacionamento irregular,Aberto,,
261364,2026-05-03,Campo Grande,Poda de árvore,Fechado,229.4,4.0
261365,2026-05-03,Santa Cruz,Iluminação Pública,Fechado,37.3,
261366,2026-05-03,Realengo,Fiscalização de barulho,Aberto,,
261367,2026-05-03,Santa Cruz,Iluminação Pública,Fechado,44.3,4.0
261368,2026-05-03,Tijuca,Iluminação Pública,Fechado,118.0,4.0
261369,2026-05-03,Copacabana,Fiscalização de barulho,Fechado,12.3,
261370,2026-05-03,Tijuca,Buraco na via,Fechado,400.5,2.0
261371,2026-05-03,Santa Cruz,Buraco na via,Fechado,98.5,4.0
261372,2026-05-04,Tijuca,Remoção de entulho,Fechado,99.5,3.0
261373,2026-05-04,Centro,Remoção de entulho,Fechado,40.9,
261374,2026-05-04,Campo Grande,Fiscalização de barulho,Fechado,4.3,2.0
261375,2026-05-04,Centro,Estacionamento irregular,Fechado,2.9,4.0
261376,2026-05-04,Campo Grande,Buraco na via,Fechado,57.9,
261377,2026-05-04,Barra da Tijuca,Poda de árvore,Fechado,103.3,
261378,2026-05-04,Botafogo,Estacionamento irregular,Fechado,2.0,
261379,2026-05-04,Realengo,Remoção de entulho,Fechado,100.9,4.0
261380,2026-05-04,Campo Grande,Remoção de entulho,Aberto,,
261381,2026-05-04,Santa Cruz,Iluminação Pública,Fechado,20.6,5.0
261382,2026-05-04,Santa Cruz,Fiscalização de barulho,Fechado,,
261383,2026-05-04,Centro,Poda de árvore,Fechado,231.9,4.0
261384,2026-05-04,Campo Grande,Iluminação Pública,Fechado,29.7,5.0
261385,2026-05-04,Campo Grande,Buraco na via,Fechado,233.9,3.0
261386,2026-05-04,Santa Cruz,Iluminação Pública,Fechado,50.7,4.0
261387,2026-05-04,Centro,Fiscalização de barulho,Fechado,11.4,
261388,2026-05-04,Santa Cruz,Buraco na via,Fechado,158.0,2.0
261389,2026-05-04,Campo Grande,Buraco na via,Aberto,,
261390,2026-05-04,Méier,Buraco na via,Fechado,161.9,3.0
261391,2026-05-05,Santa Cruz,Remoção de entulho,Fechado,73.8,4.0
261392,2026-05-05,Realengo,Iluminação Pública,Fechado,21.1,3.0
261393,2026-05-05,Realengo,Iluminação Pública,Aberto,,
261394,2026-05-05,Tijuca,Estacionamento irregular,Fechado,4.3,5.0
261395,2026-05-05,Campo Grande,Poda de árvore,Fechado,307.0,4.0
261396,2026-05-05,Tijuca,Fiscalização de barulho,Fechado,2.9,3.0
261397,2026-05-05,Méier,Remoção de entulho,Fechado,94.0,4.0
261398,2026-05-05,Copacabana,Buraco na via,Fechado,60.8,4.0
261399,2026-05-05,Tijuca,Fiscalização de barulho,Fechado,3.6,2.0
261400,2026-05-05,Copacabana,Iluminação Pública,Fechado,22.7,5.0
261401,2026-05-06,Centro,Estacionamento irregular,Fechado,3.0,
261402,2026-05-06,Centro,Remoção de entulho,Fechado,,
261403,2026-05-06,Ipanema,Estacionamento irregular,Fechado,2.9,5.0
261404,2026-05-06,Campo Grande,Buraco na via,Fechado,54.9,4.0
261405,2026-05-06,Campo Grande,Remoção de entulho,Fechado,113.3,
261406,2026-05-06,Santa Cruz,Buraco na via,Fechado,229.0,3.0
261407,2026-05-06,Campo Grande,Buraco na via,Fechado,82.9,3.0
261408,2026-05-06,Campo Grande,Estacionamento irregular,Aberto,,
261409,2026-05-06,Campo Grande,Remoção de entulho,Fechado,51.6,
261410,2026-05-06,Centro,Estacionamento irregular,Fechado,3.7,
261411,2026-05-06,Centro,Iluminação Pública,Fechado,92.5,
261412,2026-05-07,Barra da Tijuca,Buraco na via,Fechado,104.5,
261413,2026-05-07,Santa Cruz,Buraco na via,Aberto,,
261414,2026-05-07,Madureira,Estacionamento irregular,Fechado,6.6,3.0
261415,2026-05-07,Centro,Iluminação Pública,Fechado,75.5,
261416,2026-05-07,Tijuca,Poda de árvore,Fechado,154.9,
261417,2026-05-07,Campo Grande,Iluminação Pública,Aberto,,
261418,2026-05-07,Campo Grande,Remoção de entulho,Fechado,,4.0
261419,2026-05-07,Madureira,Iluminação Pública,Fechado,45.0,
261420,2026-05-07,Copacabana,Estacionamento irregular,Fechado,3.7,
261421,2026-05-07,Méier,Buraco na via,Fechado,32.2,4.0
261422,2026-05-08,Madureira,Iluminação Pública,Fechado,112.9,
261423,2026-05-08,Campo Grande,Buraco na via,Fechado,110.2,
261424,2026-05-08,Barra da Tijuca,Estacionamento irregular,Fechado,3.3,5.0
261425,2026-05-08,Tijuca,Iluminação Pública,Fechado,42.9,4.0
261426,2026-05-08,Campo Grande,Buraco na via,Fechado,87.8,
261427,2026-05-08,Ipanema,Fiscalização de barulho,Fechado,23.4,2.0
261428,2026-05-08,Santa Cruz,Buraco na via,Aberto,,
261429,2026-05-08,Santa Cruz,Estacionamento irregular,Fechado,5.6,
261430,2026-05-08,Campo Grande,Poda de árvore,Aberto,,
261431,2026-05-08,Campo Grande,Remoção de entulho,Fechado,99.9,4.0
261432,2026-05-08,Santa Cruz,Buraco na via,Aberto,,
261433,2026-05-08,Realengo,Iluminação Pública,Fechado,59.3,
261434,2026-05-09,Santa Cruz,Remoção de entulho,Fechado,77.7,
261435,2026-05-09,Campo Grande,Iluminação Pública,Fechado,43.7,
261436,2026-05-09,Copacabana,Remoção de entulho,Fechado,84.7,
261437,2026-05-09,Campo Grande,Remoção de entulho,Fechado,62.9,4.0
261438,2026-05-09,Realengo,Buraco na via,Fechado,,
261439,2026-05-09,Santa Cruz,Iluminação Pública,Fechado,58.8,
261440,2026-05-09,Madureira,Buraco na via,Fechado,85.3,4.0
261441,2026-05-09,Copacabana,Buraco na via,Fechado,240.6,2.0
261442,2026-05-09,Méier,Buraco na via,Fechado,154.3,
261443,2026-05-09,Campo Grande,Iluminação Pública,Fechado,26.5,5.0
261444,2026-05-09,Centro,Fiscalização de barulho,Fechado,6.8,
261445,2026-05-10,Madureira,Remoção de entulho,Fechado,56.7,4.0
261446,2026-05-10,Realengo,Buraco na via,Fechado,53.4,3.0
261447,2026-05-10,Ipanema,Remoção de entulho,Fechado,324.2,3.0
261448,2026-05-10,Barra da Tijuca,Fiscalização de barulho,Fechado,2.8,2.0
261449,2026-05-10,Campo Grande,Iluminação Pública,Fechado,96.0,
261450,2026-05-10,Barra da Tijuca,Estacionamento irregular,Fechado,7.1,2.0
261451,2026-05-10,Campo Grande,Estacionamento irregular,Fechado,2.2,
261452,2026-05-10,Barra da Tijuca,Fiscalização de barulho,Fechado,3.9,3.0
261453,2026-05-10,Tijuca,Estacionamento irregular,Fechado,1.9,5.0
261454,2026-05-10,Santa Cruz,Poda de árvore,Fechado,111.7,
261455,2026-05-10,Tijuca,Buraco na via,Fechado,34.7,4.0
261456,2026-05-10,Campo Grande,Buraco na via,Fechado,63.2,
261457,2026-05-10,Copacabana,Iluminação Pública,Fechado,48.4,4.0
261458,2026-05-10,Campo Grande,Buraco na via,Fechado,190.2,
261459,2026-05-10,Ipanema,Remoção de entulho,Fechado,282.8,2.0
261460,2026-05-10,Realengo,Remoção de entulho,Fechado,167.6,3.0
261461,2026-05-11,Campo Grande,Fiscalização de barulho,Fechado,4.2,2.0
261462,2026-05-11,Méier,Iluminação Pública,Fechado,41.3,5.0
261463,2026-05-11,Méier,Iluminação Pública,Fechado,82.6,4.0
261464,2026-05-11,Copacabana,Remoção de entulho,Fechado,52.0,4.0
261465,2026-05-11,Méier,Estacionamento irregular,Fechado,5.3,
261466,2026-05-11,Realengo,Remoção de entulho,Fechado,78.6,
261467,2026-05-12,Tijuca,Buraco na via,Fechado,101.6,4.0
261468,2026-05-12,Barra da Tijuca,Iluminação Pública,Fechado,16.4,
261469,2026-05-12,Copacabana,Iluminação Pública,Aberto,,
261470,2026-05-12,Copacabana,Buraco na via,Fechado,174.2,3.0
261471,2026-05-12,Barra da Tijuca,Estacionamento irregular,Fechado,1.3,5.0
261472,2026-05-12,Barra da Tijuca,Fiscalização de barulho,Aberto,,
261473,2026-05-12,Tijuca,Fiscalização de barulho,Aberto,,
261474,2026-05-12,Copacabana,Fiscalização de barulho,Fechado,4.2,
261475,2026-05-12,Santa Cruz,Buraco na via,Fechado,97.1,3.0
261476,2026-05-12,Centro,Estacionamento irregular,Fechado,5.8,
261477,2026-05-12,Madureira,Poda de árvore,Fechado,136.8,
261478,2026-05-12,Centro,Estacionamento irregular,Fechado,5.4,4.0
261479,2026-05-12,Copacabana,Poda de árvore,Fechado,249.9,4.0
261480,2026-05-12,Santa Cruz,Buraco na via,Fechado,120.7,3.0
261481,2026-05-13,Barra da Tijuca,Iluminação Pública,Fechado,70.2,4.0
261482,2026-05-13,Santa Cruz,Poda de árvore,Fechado,364.9,
261483,2026-05-13,Barra da Tijuca,Estacionamento irregular,Fechado,3.6,
261484,2026-05-13,Campo Grande,Remoção de entulho,Fechado,115.7,3.0
261485,2026-05-13,Barra da Tijuca,Poda de árvore,Aberto,,
261486,2026-05-13,Copacabana,Estacionamento irregular,Fechado,9.0,
261487,2026-05-13,Copacabana,Poda de árvore,Fechado,327.6,
261488,2026-05-13,Copacabana,Buraco na via,Fechado,74.9,3.0
261489,2026-05-13,Botafogo,Buraco na via,Fechado,93.8,4.0
261490,2026-05-13,Santa Cruz,Iluminação Pública,Fechado,51.7,
261491,2026-05-13,Campo Grande,Poda de árvore,Fechado,452.6,2.0
261492,2026-05-13,Santa Cruz,Buraco na via,Fechado,215.7,
261493,2026-05-13,Santa Cruz,Estacionamento irregular,Fechado,7.8,
261494,2026-05-13,Campo Grande,Estacionamento irregular,Aberto,,
261495,2026-05-14,Centro,Buraco na via,Fechado,190.1,2.0
261496,2026-05-14,Campo Grande,Remoção de entulho,Fechado,202.5,4.0
261497,2026-05-14,Copacabana,Estacionamento irregular,Fechado,7.0,2.0
261498,2026-05-14,Santa Cruz,Buraco na via,Aberto,,
261499,2026-05-14,Botafogo,Iluminação Pública,Fechado,39.0,
261500,2026-05-15,Campo Grande,Fiscalização de barulho,Aberto,,
261501,2026-05-15,Copacabana,Iluminação Pública,Aberto,,
261502,2026-05-15,Campo Grande,Fiscalização de barulho,Fechado,15.1,
261503,2026-05-15,Tijuca,Poda de árvore,Fechado,254.6,4.0
261504,2026-05-15,Realengo,Remoção de entulho,Aberto,,
261505,2026-05-15,Campo Grande,Poda de árvore,Fechado,215.0,
261506,2026-05-15,Centro,Estacionamento irregular,Fechado,4.0,3.0
261507,2026-05-15,Tijuca,Iluminação Pública,Aberto,,
261508,2026-05-15,Santa Cruz,Iluminação Pública,Fechado,23.7,
261509,2026-05-15,Santa Cruz,Buraco na via,Aberto,,
261510,2026-05-15,Copacabana,Remoção de entulho,Fechado,107.4,
261511,2026-05-16,Copacabana,Estacionamento irregular,Fechado,2.6,5.0
261512,2026-05-16,Realengo,Poda de árvore,Fechado,552.2,3.0
261513,2026-05-16,Campo Grande,Poda de árvore,Fechado,601.6,2.0
261514,2026-05-16,Ipanema,Remoção de entulho,Fechado,107.8,
261515,2026-05-16,Campo Grande,Remoção de entulho,Fechado,133.4,4.0
261516,2026-05-16,Copacabana,Poda de árvore,Aberto,,
261517,2026-05-16,Madureira,Buraco na via,Fechado,171.3,3.0
261518,2026-05-16,Copacabana,Fiscalização de barulho,Fechado,,
261519,2026-05-16,Copacabana,Fiscalização de barulho,Fechado,7.9,2.0
261520,2026-05-16,Copacabana,Remoção de entulho,Fechado,,
261521,2026-05-16,Botafogo,Buraco na via,Fechado,94.8,4.0
261522,2026-05-16,Realengo,Iluminação Pública,Fechado,40.8,5.0
261523,2026-05-16,Copacabana,Remoção de entulho,Fechado,57.7,4.0
261524,2026-05-17,Copacabana,Iluminação Pública,Aberto,,
261525,2026-05-17,Centro,Buraco na via,Fechado,364.3,
261526,2026-05-17,Santa Cruz,Fiscalização de barulho,Aberto,,
261527,2026-05-17,Centro,Buraco na via,Aberto,,
261528,2026-05-17,Tijuca,Remoção de entulho,Fechado,65.2,4.0
261529,2026-05-17,Campo Grande,Remoção de entulho,Fechado,150.2,4.0
261530,2026-05-17,Santa Cruz,Iluminação Pública,Fechado,76.0,
261531,2026-05-17,Realengo,Buraco na via,Fechado,152.1,
261532,2026-05-17,Barra da Tijuca,Iluminação Pública,Fechado,16.0,5.0
261533,2026-05-17,Tijuca,Iluminação Pública,Fechado,68.4,4.0
261534,2026-05-17,Copacabana,Remoção de entulho,Fechado,55.3,5.0
261535,2026-05-17,Realengo,Remoção de entulho,Fechado,45.0,
261536,2026-05-17,Campo Grande,Poda de árvore,Fechado,338.9,3.0
261537,2026-05-18,Tijuca,Remoção de entulho,Fechado,133.7,3.0
261538,2026-05-18,Campo Grande,Iluminação Pública,Fechado,59.4,4.0
261539,2026-05-18,Santa Cruz,Remoção de entulho,Aberto,,
261540,2026-05-18,Copacabana,Buraco na via,Fechado,208.9,2.0
261541,2026-05-18,Campo Grande,Buraco na via,Fechado,114.3,
261542,2026-05-18,Campo Grande,Buraco na via,Fechado,168.1,
261543,2026-05-18,Botafogo,Remoção de entulho,Fechado,74.0,
261544,2026-05-18,Copacabana,Iluminação Pública,Fechado,31.8,5.0
261545,2026-05-18,Realengo,Iluminação Pública,Fechado,,4.0
261546,2026-05-19,Tijuca,Iluminação Pública,Fechado,23.2,
261547,2026-05-19,Copacabana,Estacionamento irregular,Fechado,14.8,3.0
261548,2026-05-19,Tijuca,Poda de árvore,Fechado,64.2,5.0
261549,2026-05-19,Méier,Estacionamento irregular,Fechado,2.0,
261550,2026-05-19,Campo Grande,Estacionamento irregular,Fechado,6.1,4.0
261551,2026-05-19,Tijuca,Iluminação Pública,Fechado,26.0,5.0
261552,2026-05-19,Copacabana,Fiscalização de barulho,Fechado,5.7,
261553,2026-05-19,Santa Cruz,Estacionamento irregular,Fechado,3.4,4.0
261554,2026-05-19,Campo Grande,Poda de árvore,Fechado,61.9,5.0
261555,2026-05-20,Campo Grande,Remoção de entulho,Fechado,57.5,
261556,2026-05-20,Méier,Poda de árvore,Fechado,129.0,5.0
261557,2026-05-20,Realengo,Buraco na via,Fechado,164.2,
261558,2026-05-20,Copacabana,Remoção de entulho,Aberto,,
261559,2026-05-20,Realengo,Remoção de entulho,Aberto,,
261560,2026-05-20,Santa Cruz,Iluminação Pública,Fechado,27.5,5.0
261561,2026-05-20,Campo Grande,Iluminação Pública,Aberto,,
261562,2026-05-20,Ipanema,Iluminação Pública,Fechado,67.2,4.0
261563,2026-05-20,Campo Grande,Iluminação Pública,Aberto,,
261564,2026-05-20,Tijuca,Poda de árvore,Fechado,237.1,
261565,2026-05-20,Campo Grande,Remoção de entulho,Fechado,31.4,
261566,2026-05-20,Realengo,Estacionamento irregular,Fechado,3.8,5.0
261567,2026-05-20,Barra da Tijuca,Estacionamento irregular,Fechado,4.9,4.0
261568,2026-05-20,Campo Grande,Buraco na via,Fechado,99.8,
261569,2026-05-20,Campo Grande,Estacionamento irregular,Fechado,4.7,4.0
261570,2026-05-20,Campo Grande,Estacionamento irregular,Fechado,3.4,
261571,2026-05-21,Centro,Iluminação Pública,Fechado,128.9,
261572,2026-05-21,Barra da Tijuca,Fiscalização de barulho,Fechado,7.2,2.0
261573,2026-05-21,Realengo,Iluminação Pública,Fechado,41.3,
261574,2026-05-21,Campo Grande,Remoção de entulho,Fechado,73.5,4.0
261575,2026-05-21,Realengo,Poda de árvore,Fechado,317.9,3.0
261576,2026-05-21,Realengo,Remoção de entulho,Aberto,,
261577,2026-05-21,Copacabana,Iluminação Pública,Fechado,35.0,
261578,2026-05-21,Campo Grande,Remoção de entulho,Fechado,58.3,
261579,2026-05-21,Tijuca,Estacionamento irregular,Fechado,5.3,
261580,2026-05-21,Realengo,Iluminação Pública,Fechado,73.1,4.0
261581,2026-05-21,Barra da Tijuca,Remoção de entulho,Fechado,69.7,4.0
261582,2026-05-21,Santa Cruz,Buraco na via,Fechado,271.0,2.0
261583,2026-05-22,Tijuca,Remoção de entulho,Fechado,70.2,4.0
261584,2026-05-22,Botafogo,Buraco na via,Aberto,,
261585,2026-05-22,Santa Cruz,Iluminação Pública,Fechado,58.1,3.0
261586,2026-05-22,Santa Cruz,Remoção de entulho,Fechado,28.4,
261587,2026-05-22,Centro,Buraco na via,Fechado,83.2,
261588,2026-05-22,Centro,Fiscalização de barulho,Fechado,,2.0
261589,2026-05-22,Tijuca,Fiscalização de barulho,Fechado,12.9,
261590,2026-05-22,Realengo,Iluminação Pública,Fechado,24.3,
261591,2026-05-22,Copacabana,Estacionamento irregular,Aberto,,
261592,2026-05-23,Realengo,Fiscalização de barulho,Fechado,3.9,3.0
261593,2026-05-23,Realengo,Estacionamento irregular,Fechado,4.8,5.0
261594,2026-05-23,Copacabana,Iluminação Pública,Fechado,59.9,3.0
261595,2026-05-23,Copacabana,Remoção de entulho,Fechado,135.1,4.0
261596,2026-05-23,Realengo,Remoção de entulho,Fechado,100.3,
261597,2026-05-23,Barra da Tijuca,Estacionamento irregular,Fechado,2.2,5.0
261598,2026-05-23,Copacabana,Fiscalização de barulho,Fechado,4.5,
261599,2026-05-23,Santa Cruz,Buraco na via,Fechado,126.3,3.0
261600,2026-05-23,Santa Cruz,Buraco na via,Fechado,108.9,
261601,2026-05-24,Copacabana,Buraco na via,Fechado,117.1,
261602,2026-05-24,Méier,Remoção de entulho,Fechado,65.4,
261603,2026-05-24,Méier,Fiscalização de barulho,Aberto,,
261604,2026-05-24,Copacabana,Estacionamento irregular,Fechado,4.3,4.0
261605,2026-05-24,Tijuca,Poda de árvore,Fechado,336.5,
261606,2026-05-24,Barra da Tijuca,Remoção de entulho,Fechado,39.4,4.0
261607,2026-05-24,Méier,Buraco na via,Fechado,263.2,3.0
261608,2026-05-24,Realengo,Remoção de entulho,Fechado,196.5,4.0
261609,2026-05-24,Campo Grande,Buraco na via,Fechado,85.1,
261610,2026-05-25,Madureira,Buraco na via,Fechado,74.7,5.0
261611,2026-05-25,Copacabana,Buraco na via,Fechado,71.0,
261612,2026-05-25,Campo Grande,Buraco na via,Fechado,387.9,2.0
261613,2026-05-25,Campo Grande,Buraco na via,Fechado,137.2,4.0
261614,2026-05-25,Copacabana,Fiscalização de barulho,Fechado,10.1,1.0
261615,2026-05-25,Santa Cruz,Estacionamento irregular,Fechado,4.9,4.0
261616,2026-05-25,Campo Grande,Iluminação Pública,Fechado,78.8,3.0
261617,2026-05-25,Campo Grande,Remoção de entulho,Fechado,107.8,
261618,2026-05-25,Méier,Poda de árvore,Fechado,74.6,4.0
261619,2026-05-25,Realengo,Remoção de entulho,Fechado,69.7,3.0
261620,2026-05-25,Tijuca,Remoção de entulho,Fechado,64.3,
261621,2026-05-25,Copacabana,Buraco na via,Fechado,90.5,
261622,2026-05-25,Realengo,Fiscalização de barulho,Fechado,8.4,
261623,2026-05-25,Santa Cruz,Estacionamento irregular,Fechado,8.1,5.0
261624,2026-05-25,Campo Grande,Buraco na via,Fechado,98.8,
261625,2026-05-25,Barra da Tijuca,Remoção de entulho,Fechado,88.9,4.0
261626,2026-05-26,Botafogo,Poda de árvore,Fechado,403.5,2.0
261627,2026-05-26,Copacabana,Poda de árvore,Aberto,,
261628,2026-05-26,Santa Cruz,Buraco na via,Fechado,74.8,
261629,2026-05-26,Realengo,Iluminação Pública,Aberto,,
261630,2026-05-26,Botafogo,Poda de árvore,Fechado,159.6,3.0
261631,2026-05-26,Realengo,Iluminação Pública,Fechado,58.7,
261632,2026-05-26,Realengo,Iluminação Pública,Fechado,,
261633,2026-05-27,Centro,Buraco na via,Fechado,72.1,
261634,2026-05-27,Ipanema,Buraco na via,Fechado,65.4,
261635,2026-05-27,Ipanema,Buraco na via,Fechado,83.8,4.0
261636,2026-05-27,Madureira,Buraco na via,Fechado,52.4,
261637,2026-05-27,Centro,Buraco na via,Fechado,104.7,
261638,2026-05-27,Tijuca,Buraco na via,Fechado,39.8,4.0
261639,2026-05-27,Realengo,Estacionamento irregular,Fechado,4.2,
261640,2026-05-27,Realengo,Buraco na via,Fechado,85.0,3.0
261641,2026-05-27,Centro,Estacionamento irregular,Fechado,11.9,4.0
261642,2026-05-27,Madureira,Iluminação Pública,Fechado,48.0,
261643,2026-05-27,Centro,Poda de árvore,Fechado,204.1,3.0
261644,2026-05-28,Méier,Iluminação Pública,Fechado,25.1,5.0
261645,2026-05-28,Realengo,Buraco na via,Aberto,,
261646,2026-05-28,Santa Cruz,Estacionamento irregular,Fechado,5.2,4.0
261647,2026-05-28,Realengo,Poda de árvore,Fechado,265.3,
261648,2026-05-28,Copacabana,Remoção de entulho,Fechado,54.6,4.0
261649,2026-05-28,Centro,Remoção de entulho,Aberto,,
261650,2026-05-28,Campo Grande,Estacionamento irregular,Fechado,,
261651,2026-05-28,Barra da Tijuca,Iluminação Pública,Aberto,,
261652,2026-05-28,Santa Cruz,Remoção de entulho,Fechado,81.1,3.0
261653,2026-05-28,Botafogo,Estacionamento irregular,Fechado,3.8,4.0
261654,2026-05-28,Tijuca,Buraco na via,Fechado,113.9,2.0
261655,2026-05-28,Madureira,Buraco na via,Aberto,,
261656,2026-05-28,Realengo,Estacionamento irregular,Fechado,5.5,3.0
261657,2026-05-29,Centro,Buraco na via,Fechado,270.9,2.0
261658,2026-05-29,Santa Cruz,Iluminação Pública,Fechado,28.7,5.0
261659,2026-05-29,Méier,Buraco na via,Fechado,98.4,3.0
261660,2026-05-29,Centro,Buraco na via,Fechado,98.6,3.0
261661,2026-05-29,Copacabana,Iluminação Pública,Fechado,28.1,4.0
261662,2026-05-29,Centro,Estacionamento irregular,Fechado,5.5,3.0
261663,2026-05-29,Barra da Tijuca,Buraco na via,Fechado,50.3,3.0
261664,2026-05-29,Santa Cruz,Buraco na via,Aberto,,
261665,2026-05-30,Realengo,Iluminação Pública,Fechado,33.4,5.0
261666,2026-05-30,Realengo,Iluminação Pública,Aberto,,
261667,2026-05-30,Centro,Remoção de entulho,Fechado,50.5,4.0
261668,2026-05-30,Tijuca,Buraco na via,Fechado,71.8,
261669,2026-05-30,Santa Cruz,Fiscalização de barulho,Fechado,6.6,
261670,2026-05-30,Campo Grande,Estacionamento irregular,Fechado,4.0,5.0
261671,2026-05-30,Campo Grande,Estacionamento irregular,Fechado,6.1,
261672,2026-05-30,Campo Grande,Iluminação Pública,Aberto,,
261673,2026-05-30,Madureira,Fiscalização de barulho,Fechado,7.9,
261674,2026-05-30,Campo Grande,Estacionamento irregular,Fechado,8.4,
261675,2026-05-31,Tijuca,Fiscalização de barulho,Aberto,,
261676,2026-05-31,Realengo,Iluminação Pública,Fechado,27.2,
261677,2026-05-31,Tijuca,Buraco na via,Fechado,88.3,3.0
261678,2026-05-31,Centro,Iluminação Pública,Fechado,31.3,
261679,2026-05-31,Tijuca,Iluminação Pública,Fechado,25.5,4.0
261680,2026-05-31,Campo Grande,Estacionamento irregular,Fechado,3.5,5.0
261681,2026-06-01,Campo Grande,Iluminação Pública,Fechado,39.3,5.0
261682,2026-06-01,Realengo,Iluminação Pública,Fechado,29.8,5.0
261683,2026-06-01,Botafogo,Buraco na via,Fechado,122.2,4.0
261684,2026-06-02,Centro,Iluminação Pública,Fechado,28.6,4.0
261685,2026-06-02,Tijuca,Remoção de entulho,Fechado,56.9,
261686,2026-06-02,Tijuca,Remoção de entulho,Fechado,61.2,
261687,2026-06-02,Campo Grande,Poda de árvore,Fechado,238.4,4.0
261688,2026-06-02,Botafogo,Poda de árvore,Aberto,,
261689,2026-06-02,Realengo,Estacionamento irregular,Aberto,,
261690,2026-06-02,Copacabana,Iluminação Pública,Fechado,35.4,
261691,2026-06-02,Campo Grande,Buraco na via,Fechado,201.0,2.0
261692,2026-06-02,Santa Cruz,Estacionamento irregular,Aberto,,
261693,2026-06-02,Copacabana,Poda de árvore,Fechado,233.6,
261694,2026-06-02,Botafogo,Iluminação Pública,Fechado,84.9,
261695,2026-06-02,Barra da Tijuca,Estacionamento irregular,Fechado,3.9,4.0
261696,2026-06-03,Ipanema,Remoção de entulho,Fechado,46.4,5.0
261697,2026-06-03,Copacabana,Remoção de entulho,Fechado,64.1,
261698,2026-06-03,Realengo,Fiscalização de barulho,Fechado,11.4,1.0
261699,2026-06-03,Copacabana,Estacionamento irregular,Fechado,9.3,2.0
261700,2026-06-03,Barra da Tijuca,Estacionamento irregular,Fechado,,4.0
261701,2026-06-03,Méier,Estacionamento irregular,Fechado,5.1,
261702,2026-06-03,Santa Cruz,Estacionamento irregular,Aberto,,
261703,2026-06-03,Realengo,Iluminação Pública,Fechado,114.0,2.0
261704,2026-06-03,Santa Cruz,Estacionamento irregular,Fechado,15.1,3.0
261705,2026-06-03,Campo Grande,Remoção de entulho,Fechado,46.4,5.0
261706,2026-06-03,Barra da Tijuca,Remoção de entulho,Fechado,28.9,4.0
261707,2026-06-03,Centro,Poda de árvore,Aberto,,
261708,2026-06-03,Santa Cruz,Poda de árvore,Fechado,258.6,3.0
261709,2026-06-03,Campo Grande,Buraco na via,Fechado,137.0,
261710,2026-06-04,Realengo,Poda de árvore,Fechado,380.3,
261711,2026-06-04,Tijuca,Iluminação Pública,Fechado,63.8,5.0
261712,2026-06-04,Tijuca,Poda de árvore,Fechado,66.7,4.0
261713,2026-06-04,Barra da Tijuca,Iluminação Pública,Fechado,51.0,
261714,2026-06-04,Centro,Iluminação Pública,Fechado,28.2,5.0
261715,2026-06-04,Santa Cruz,Poda de árvore,Aberto,,
261716,2026-06-04,Tijuca,Estacionamento irregular,Fechado,9.7,5.0
261717,2026-06-04,Tijuca,Poda de árvore,Aberto,,
261718,2026-06-04,Botafogo,Buraco na via,Fechado,87.7,4.0
261719,2026-06-05,Campo Grande,Poda de árvore,Aberto,,
261720,2026-06-05,Botafogo,Estacionamento irregular,Fechado,4.2,
261721,2026-06-05,Santa Cruz,Buraco na via,Fechado,106.7,4.0
261722,2026-06-05,Tijuca,Buraco na via,Aberto,,
261723,2026-06-05,Campo Grande,Buraco na via,Fechado,253.3,
261724,2026-06-05,Tijuca,Buraco na via,Fechado,83.9,
261725,2026-06-05,Campo Grande,Estacionamento irregular,Fechado,5.9,
261726,2026-06-05,Tijuca,Remoção de entulho,Fechado,54.2,4.0
261727,2026-06-05,Madureira,Fiscalização de barulho,Fechado,5.6,
261728,2026-06-05,Santa Cruz,Poda de árvore,Fechado,455.1,2.0
261729,2026-06-05,Centro,Estacionamento irregular,Fechado,2.4,5.0
261730,2026-06-05,Santa Cruz,Estacionamento irregular,Fechado,4.0,4.0
261731,2026-06-05,Campo Grande,Poda de árvore,Fechado,189.0,4.0
261732,2026-06-05,Campo Grande,Buraco na via,Fechado,155.5,
261733,2026-06-06,Santa Cruz,Fiscalização de barulho,Fechado,8.7,2.0
261734,2026-06-06,Centro,Iluminação Pública,Fechado,43.3,4.0
261735,2026-06-06,Tijuca,Remoção de entulho,Fechado,82.3,4.0
261736,2026-06-06,Copacabana,Iluminação Pública,Fechado,36.0,4.0
261737,2026-06-06,Madureira,Poda de árvore,Fechado,142.6,4.0
261738,2026-06-06,Tijuca,Poda de árvore,Fechado,412.3,3.0
261739,2026-06-06,Copacabana,Fiscalização de barulho,Fechado,11.6,
261740,2026-06-06,Santa Cruz,Iluminação Pública,Aberto,,
261741,2026-06-06,Tijuca,Estacionamento irregular,Aberto,,
261742,2026-06-06,Santa Cruz,Remoção de entulho,Fechado,51.0,3.0
261743,2026-06-06,Realengo,Estacionamento irregular,Aberto,,
261744,2026-06-07,Realengo,Iluminação Pública,Fechado,48.6,
261745,2026-06-07,Santa Cruz,Estacionamento irregular,Fechado,2.8,
261746,2026-06-07,Tijuca,Iluminação Pública,Aberto,,
261747,2026-06-07,Realengo,Buraco na via,Fechado,47.4,3.0
261748,2026-06-07,Barra da Tijuca,Iluminação Pública,Fechado,58.0,3.0
261749,2026-06-07,Centro,Remoção de entulho,Fechado,26.2,5.0
261750,2026-06-07,Santa Cruz,Remoção de entulho,Fechado,45.3,4.0
261751,2026-06-07,Copacabana,Iluminação Pública,Fechado,29.3,3.0
261752,2026-06-07,Realengo,Poda de árvore,Fechado,301.2,3.0
261753,2026-06-07,Campo Grande,Fiscalização de barulho,Fechado,4.3,
261754,2026-06-07,Campo Grande,Iluminação Pública,Fechado,27.1,4.0
261755,2026-06-07,Realengo,Poda de árvore,Fechado,257.3,3.0
261756,2026-06-07,Realengo,Iluminação Pública,Fechado,20.7,5.0
261757,2026-06-08,Méier,Remoção de entulho,Fechado,23.4,5.0
261758,2026-06-08,Santa Cruz,Poda de árvore,Fechado,95.3,
261759,2026-06-08,Campo Grande,Iluminação Pública,Fechado,59.5,
261760,2026-06-08,Campo Grande,Remoção de entulho,Fechado,94.6,3.0
261761,2026-06-08,Tijuca,Buraco na via,Aberto,,
261762,2026-06-08,Tijuca,Iluminação Pública,Fechado,138.4,3.0
261763,2026-06-08,Campo Grande,Remoção de entulho,Fechado,87.1,3.0
261764,2026-06-08,Santa Cruz,Iluminação Pública,Fechado,49.9,4.0
261765,2026-06-08,Campo Grande,Poda de árvore,Fechado,716.2,
261766,2026-06-08,Copacabana,Estacionamento irregular,Fechado,9.6,2.0
261767,2026-06-08,Madureira,Estacionamento irregular,Fechado,2.9,
261768,2026-06-08,Realengo,Poda de árvore,Fechado,130.8,4.0
261769,2026-06-08,Madureira,Fiscalização de barulho,Fechado,5.5,3.0
261770,2026-06-09,Santa Cruz,Fiscalização de barulho,Fechado,7.2,1.0
261771,2026-06-09,Ipanema,Buraco na via,Fechado,64.1,4.0
261772,2026-06-09,Campo Grande,Estacionamento irregular,Fechado,2.3,4.0
261773,2026-06-09,Realengo,Buraco na via,Fechado,120.6,
261774,2026-06-09,Santa Cruz,Iluminação Pública,Fechado,63.3,4.0
261775,2026-06-09,Copacabana,Remoção de entulho,Fechado,76.4,4.0
261776,2026-06-09,Centro,Estacionamento irregular,Fechado,5.3,
261777,2026-06-09,Realengo,Remoção de entulho,Fechado,75.5,
261778,2026-06-09,Santa Cruz,Iluminação Pública,Fechado,,4.0
261779,2026-06-09,Botafogo,Iluminação Pública,Aberto,,
261780,2026-06-09,Campo Grande,Estacionamento irregular,Fechado,3.8,5.0
261781,2026-06-10,Santa Cruz,Iluminação Pública,Fechado,40.0,4.0
261782,2026-06-10,Copacabana,Iluminação Pública,Fechado,52.2,
261783,2026-06-10,Méier,Poda de árvore,Fechado,320.2,3.0
261784,2026-06-10,Copacabana,Estacionamento irregular,Fechado,3.2,4.0
261785,2026-06-10,Campo Grande,Estacionamento irregular,Fechado,7.9,2.0
261786,2026-06-10,Copacabana,Iluminação Pública,Fechado,40.2,4.0
261787,2026-06-10,Campo Grande,Estacionamento irregular,Fechado,3.2,5.0
261788,2026-06-10,Barra da Tijuca,Buraco na via,Fechado,71.0,3.0
261789,2026-06-10,Santa Cruz,Buraco na via,Fechado,194.5,3.0
261790,2026-06-10,Campo Grande,Remoção de entulho,Aberto,,
261791,2026-06-10,Realengo,Poda de árvore,Fechado,443.5,3.0
261792,2026-06-10,Ipanema,Fiscalização de barulho,Fechado,3.1,3.0
261793,2026-06-10,Centro,Estacionamento irregular,Fechado,6.8,3.0
261794,2026-06-11,Madureira,Buraco na via,Fechado,131.1,3.0
261795,2026-06-11,Ipanema,Poda de árvore,Fechado,578.9,3.0
261796,2026-06-11,Méier,Iluminação Pública,Fechado,50.8,5.0
261797,2026-06-11,Tijuca,Poda de árvore,Fechado,262.7,2.0
261798,2026-06-11,Centro,Fiscalização de barulho,Fechado,3.7,
261799,2026-06-11,Méier,Estacionamento irregular,Fechado,19.0,3.0
261800,2026-06-11,Botafogo,Fiscalização de barulho,Fechado,9.0,
261801,2026-06-11,Ipanema,Iluminação Pública,Fechado,51.2,
261802,2026-06-11,Campo Grande,Iluminação Pública,Fechado,101.4,
261803,2026-06-12,Campo Grande,Buraco na via,Fechado,122.9,3.0
261804,2026-06-12,Campo Grande,Iluminação Pública,Fechado,35.2,5.0
261805,2026-06-12,Ipanema,Iluminação Pública,Fechado,38.6,4.0
261806,2026-06-12,Campo Grande,Poda de árvore,Fechado,319.5,3.0
261807,2026-06-12,Realengo,Estacionamento irregular,Fechado,7.0,3.0
261808,2026-06-12,Campo Grande,Poda de árvore,Fechado,147.8,4.0
261809,2026-06-12,Realengo,Buraco na via,Fechado,117.3,2.0
261810,2026-06-12,Realengo,Remoção de entulho,Fechado,64.3,5.0
261811,2026-06-12,Copacabana,Fiscalização de barulho,Fechado,21.7,3.0
261812,2026-06-13,Ipanema,Remoção de entulho,Fechado,,4.0
261813,2026-06-13,Copacabana,Iluminação Pública,Aberto,,
261814,2026-06-13,Tijuca,Estacionamento irregular,Fechado,7.6,
261815,2026-06-13,Copacabana,Fiscalização de barulho,Fechado,2.5,3.0
261816,2026-06-13,Méier,Fiscalização de barulho,Fechado,6.1,2.0
261817,2026-06-13,Santa Cruz,Iluminação Pública,Fechado,41.9,
261818,2026-06-13,Centro,Iluminação Pública,Fechado,66.8,4.0
261819,2026-06-13,Campo Grande,Iluminação Pública,Fechado,54.3,2.0
261820,2026-06-13,Tijuca,Iluminação Pública,Fechado,,3.0
261821,2026-06-13,Santa Cruz,Buraco na via,Fechado,139.0,
261822,2026-06-13,Centro,Fiscalização de barulho,Fechado,5.3,2.0
261823,2026-06-13,Botafogo,Fiscalização de barulho,Fechado,8.6,2.0
261824,2026-06-14,Méier,Fiscalização de barulho,Aberto,,
261825,2026-06-14,Campo Grande,Iluminação Pública,Aberto,,
261826,2026-06-14,Campo Grande,Remoção de entulho,Fechado,47.5,
261827,2026-06-14,Tijuca,Iluminação Pública,Fechado,24.1,4.0
261828,2026-06-14,Santa Cruz,Fiscalização de barulho,Fechado,6.7,3.0
261829,2026-06-14,Centro,Remoção de entulho,Fechado,115.6,4.0
261830,2026-06-14,Copacabana,Poda de árvore,Fechado,231.4,
261831,2026-06-14,Centro,Iluminação Pública,Fechado,45.3,
261832,2026-06-14,Realengo,Poda de árvore,Fechado,379.2,
261833,2026-06-14,Campo Grande,Buraco na via,Aberto,,
261834,2026-06-14,Madureira,Iluminação Pública,Fechado,24.3,5.0
261835,2026-06-15,Copacabana,Poda de árvore,Aberto,,
261836,2026-06-15,Copacabana,Buraco na via,Fechado,187.0,2.0
261837,2026-06-15,Campo Grande,Estacionamento irregular,Fechado,4.1,2.0
261838,2026-06-15,Campo Grande,Fiscalização de barulho,Fechado,4.7,2.0
261839,2026-06-15,Copacabana,Poda de árvore,Fechado,167.2,4.0
261840,2026-06-15,Campo Grande,Iluminação Pública,Fechado,53.4,3.0
261841,2026-06-15,Santa Cruz,Iluminação Pública,Fechado,,2.0
261842,2026-06-15,Botafogo,Remoção de entulho,Fechado,53.6,
261843,2026-06-15,Santa Cruz,Fiscalização de barulho,Aberto,,
261844,2026-06-15,Tijuca,Buraco na via,Fechado,106.9,3.0
261845,2026-06-15,Copacabana,Remoção de entulho,Fechado,126.9,
261846,2026-06-15,Méier,Fiscalização de barulho,Fechado,5.2,3.0
261847,2026-06-15,Campo Grande,Buraco na via,Fechado,321.1,
261848,2026-06-15,Tijuca,Iluminação Pública,Fechado,22.8,5.0
261849,2026-06-16,Realengo,Remoção de entulho,Fechado,51.1,4.0
261850,2026-06-16,Tijuca,Buraco na via,Fechado,158.6,
261851,2026-06-16,Campo Grande,Iluminação Pública,Fechado,40.2,4.0
261852,2026-06-16,Botafogo,Buraco na via,Fechado,51.5,3.0
261853,2026-06-16,Centro,Fiscalização de barulho,Fechado,3.4,2.0
261854,2026-06-16,Campo Grande,Buraco na via,Fechado,135.1,3.0
261855,2026-06-16,Tijuca,Remoção de entulho,Fechado,83.8,4.0
261856,2026-06-16,Tijuca,Buraco na via,Fechado,166.3,
261857,2026-06-16,Campo Grande,Buraco na via,Fechado,138.4,
261858,2026-06-16,Copacabana,Remoção de entulho,Fechado,119.1,4.0
261859,2026-06-16,Campo Grande,Fiscalização de barulho,Fechado,3.5,2.0
261860,2026-06-16,Madureira,Iluminação Pública,Fechado,64.9,3.0
261861,2026-06-16,Centro,Fiscalização de barulho,Fechado,2.1,
261862,2026-06-16,Realengo,Iluminação Pública,Fechado,84.6,3.0
261863,2026-06-17,Méier,Buraco na via,Fechado,45.1,2.0
261864,2026-06-17,Campo Grande,Buraco na via,Fechado,125.6,
261865,2026-06-17,Centro,Remoção de entulho,Aberto,,
261866,2026-06-17,Copacabana,Fiscalização de barulho,Aberto,,
261867,2026-06-17,Copacabana,Remoção de entulho,Fechado,51.4,
261868,2026-06-17,Barra da Tijuca,Estacionamento irregular,Fechado,5.2,4.0
261869,2026-06-17,Barra da Tijuca,Buraco na via,Fechado,241.6,
261870,2026-06-17,Santa Cruz,Poda de árvore,Fechado,165.7,3.0
261871,2026-06-17,Copacabana,Iluminação Pública,Fechado,15.6,5.0
261872,2026-06-18,Copacabana,Buraco na via,Fechado,118.7,3.0
261873,2026-06-18,Barra da Tijuca,Buraco na via,Fechado,152.9,3.0
261874,2026-06-18,Santa Cruz,Remoção de entulho,Fechado,83.8,3.0
261875,2026-06-18,Campo Grande,Buraco na via,Fechado,71.0,
261876,2026-06-18,Santa Cruz,Fiscalização de barulho,Fechado,3.2,
261877,2026-06-18,Copacabana,Iluminação Pública,Fechado,,4.0
261878,2026-06-18,Copacabana,Fiscalização de barulho,Fechado,2.3,
261879,2026-06-18,Tijuca,Buraco na via,Aberto,,
261880,2026-06-19,Tijuca,Iluminação Pública,Aberto,,
261881,2026-06-19,Tijuca,Estacionamento irregular,Aberto,,
261882,2026-06-19,Barra da Tijuca,Estacionamento irregular,Fechado,6.3,
261883,2026-06-19,Santa Cruz,Poda de árvore,Fechado,137.9,3.0
261884,2026-06-19,Campo Grande,Fiscalização de barulho,Fechado,16.1,2.0
261885,2026-06-19,Centro,Buraco na via,Fechado,319.3,3.0
261886,2026-06-19,Realengo,Buraco na via,Fechado,,
261887,2026-06-19,Tijuca,Poda de árvore,Aberto,,
261888,2026-06-19,Santa Cruz,Poda de árvore,Fechado,445.3,3.0
261889,2026-06-19,Centro,Remoção de entulho,Fechado,176.0,3.0
261890,2026-06-20,Centro,Buraco na via,Fechado,74.6,4.0
261891,2026-06-20,Tijuca,Fiscalização de barulho,Fechado,5.6,2.0
261892,2026-06-20,Ipanema,Fiscalização de barulho,Fechado,10.7,
261893,2026-06-20,Centro,Buraco na via,Aberto,,
261894,2026-06-20,Santa Cruz,Remoção de entulho,Fechado,64.1,
261895,2026-06-20,Campo Grande,Buraco na via,Fechado,93.7,3.0
261896,2026-06-20,Tijuca,Buraco na via,Fechado,178.4,
261897,2026-06-20,Campo Grande,Remoção de entulho,Fechado,81.2,3.0
261898,2026-06-20,Copacabana,Estacionamento irregular,Fechado,3.5,4.0
261899,2026-06-20,Méier,Buraco na via,Fechado,58.6,3.0
261900,2026-06-21,Copacabana,Iluminação Pública,Aberto,,
261901,2026-06-21,Centro,Iluminação Pública,Fechado,48.0,3.0
261902,2026-06-21,Barra da Tijuca,Iluminação Pública,Fechado,32.9,5.0
261903,2026-06-21,Tijuca,Iluminação Pública,Fechado,31.9,
261904,2026-06-21,Realengo,Buraco na via,Aberto,,
261905,2026-06-21,Copacabana,Estacionamento irregular,Fechado,2.9,
261906,2026-06-21,Tijuca,Iluminação Pública,Fechado,76.0,4.0
261907,2026-06-21,Tijuca,Fiscalização de barulho,Fechado,8.1,
261908,2026-06-21,Tijuca,Fiscalização de barulho,Fechado,12.4,1.0
261909,2026-06-22,Santa Cruz,Poda de árvore,Fechado,181.3,4.0
261910,2026-06-22,Santa Cruz,Iluminação Pública,Fechado,46.0,4.0
261911,2026-06-22,Campo Grande,Remoção de entulho,Fechado,19.6,5.0
261912,2026-06-22,Realengo,Iluminação Pública,Fechado,29.5,4.0
261913,2026-06-22,Tijuca,Remoção de entulho,Fechado,82.7,5.0
261914,2026-06-22,Campo Grande,Remoção de entulho,Fechado,106.7,3.0
261915,2026-06-23,Barra da Tijuca,Buraco na via,Fechado,167.5,3.0
261916,2026-06-23,Tijuca,Remoção de entulho,Fechado,99.1,
261917,2026-06-23,Barra da Tijuca,Estacionamento irregular,Aberto,,
261918,2026-06-23,Centro,Fiscalização de barulho,Fechado,5.3,
261919,2026-06-23,Realengo,Poda de árvore,Fechado,183.7,3.0
261920,2026-06-23,Méier,Buraco na via,Fechado,154.4,3.0
261921,2026-06-24,Copacabana,Poda de árvore,Fechado,249.3,3.0
261922,2026-06-24,Campo Grande,Iluminação Pública,Fechado,95.8,
261923,2026-06-24,Copacabana,Fiscalização de barulho,Fechado,2.8,2.0
261924,2026-06-24,Méier,Iluminação Pública,Fechado,42.3,
261925,2026-06-24,Realengo,Iluminação Pública,Aberto,,
261926,2026-06-24,Realengo,Estacionamento irregular,Fechado,4.1,4.0
261927,2026-06-24,Barra da Tijuca,Buraco na via,Fechado,162.3,
261928,2026-06-24,Ipanema,Estacionamento irregular,Aberto,,
261929,2026-06-24,Realengo,Estacionamento irregular,Fechado,5.4,4.0
261930,2026-06-25,Santa Cruz,Remoção de entulho,Aberto,,
261931,2026-06-25,Centro,Estacionamento irregular,Fechado,4.4,4.0
261932,2026-06-25,Santa Cruz,Remoção de entulho,Fechado,,
261933,2026-06-25,Campo Grande,Poda de árvore,Fechado,215.0,4.0
261934,2026-06-25,Copacabana,Iluminação Pública,Fechado,20.6,
261935,2026-06-25,Campo Grande,Buraco na via,Fechado,80.2,3.0
261936,2026-06-25,Botafogo,Estacionamento irregular,Fechado,2.3,4.0
261937,2026-06-26,Campo Grande,Estacionamento irregular,Fechado,5.3,5.0
261938,2026-06-26,Copacabana,Estacionamento irregular,Aberto,,
261939,2026-06-26,Madureira,Remoção de entulho,Fechado,118.5,
261940,2026-06-26,Santa Cruz,Fiscalização de barulho,Aberto,,
261941,2026-06-26,Méier,Poda de árvore,Fechado,207.3,4.0
261942,2026-06-26,Realengo,Buraco na via,Fechado,43.5,4.0
261943,2026-06-26,Centro,Buraco na via,Fechado,21.1,4.0
261944,2026-06-26,Centro,Fiscalização de barulho,Fechado,4.0,
261945,2026-06-26,Realengo,Buraco na via,Fechado,127.1,4.0
261946,2026-06-27,Barra da Tijuca,Estacionamento irregular,Fechado,6.9,4.0
261947,2026-06-27,Campo Grande,Iluminação Pública,Fechado,41.7,4.0
261948,2026-06-27,Centro,Iluminação Pública,Fechado,69.9,
261949,2026-06-27,Madureira,Iluminação Pública,Fechado,46.8,3.0
261950,2026-06-27,Botafogo,Poda de árvore,Fechado,237.6,5.0
261951,2026-06-27,Copacabana,Iluminação Pública,Fechado,43.5,
261952,2026-06-27,Campo Grande,Iluminação Pública,Fechado,35.8,4.0
261953,2026-06-27,Tijuca,Iluminação Pública,Aberto,,
261954,2026-06-27,Santa Cruz,Buraco na via,Fechado,42.6,4.0
261955,2026-06-27,Realengo,Remoção de entulho,Aberto,,
261956,2026-06-27,Realengo,Buraco na via,Fechado,45.0,
261957,2026-06-27,Ipanema,Iluminação Pública,Aberto,,
261958,2026-06-27,Centro,Poda de árvore,Fechado,211.7,3.0
261959,2026-06-28,Santa Cruz,Poda de árvore,Fechado,160.8,4.0
261960,2026-06-28,Campo Grande,Fiscalização de barulho,Fechado,4.6,3.0
261961,2026-06-28,Centro,Buraco na via,Fechado,166.1,3.0
261962,2026-06-28,Realengo,Remoção de entulho,Fechado,157.9,3.0
261963,2026-06-28,Copacabana,Fiscalização de barulho,Fechado,3.8,
261964,2026-06-29,Copacabana,Remoção de entulho,Fechado,82.2,3.0
261965,2026-06-29,Campo Grande,Remoção de entulho,Fechado,57.6,5.0
261966,2026-06-29,Campo Grande,Fiscalização de barulho,Fechado,32.3,1.0
261967,2026-06-29,Botafogo,Fiscalização de barulho,Fechado,2.4,3.0
261968,2026-06-29,Copacabana,Iluminação Pública,Fechado,97.5,4.0
261969,2026-06-29,Campo Grande,Iluminação Pública,Fechado,22.9,4.0
261970,2026-06-29,Barra da Tijuca,Buraco na via,Fechado,108.9,3.0
261971,2026-06-29,Copacabana,Buraco na via,Fechado,93.6,
261972,2026-06-29,Campo Grande,Estacionamento irregular,Fechado,6.5,
261973,2026-06-29,Realengo,Remoção de entulho,Fechado,46.8,4.0
261974,2026-06-29,Ipanema,Fiscalização de barulho,Fechado,2.9,
261975,2026-06-29,Botafogo,Poda de árvore,Fechado,149.2,5.0
261976,2026-06-29,Botafogo,Remoção de entulho,Fechado,107.1,3.0
261977,2026-06-29,Centro,Estacionamento irregular,Fechado,5.2,4.0
261978,2026-06-30,Realengo,Iluminação Pública,Fechado,90.7,
261979,2026-06-30,Tijuca,Iluminação Pública,Fechado,41.5,
261980,2026-06-30,Madureira,Buraco na via,Fechado,170.9,4.0
261981,2026-06-30,Santa Cruz,Iluminação Pública,Aberto,,
261982,2026-06-30,Tijuca,Iluminação Pública,Fechado,,
261983,2026-06-30,Campo Grande,Remoção de entulho,Fechado,161.8,2.0
261984,2026-06-30,Santa Cruz,Remoção de entulho,Fechado,182.2,2.0
261985,2026-06-30,Barra da Tijuca,Iluminação Pública,Fechado,53.1,4.0
261986,2026-06-30,Santa Cruz,Iluminação Pública,Fechado,98.8,
261987,2026-06-30,Copacabana,Buraco na via,Aberto,,
261988,2026-06-30,Méier,Buraco na via,Fechado,132.3,3.0
261989,2026-06-30,Realengo,Buraco na via,Fechado,160.0,
261990,2026-06-30,Realengo,Estacionamento irregular,Fechado,4.9,
261991,2026-06-30,Realengo,Buraco na via,Fechado,66.8,
261992,2026-06-30,Santa Cruz,Buraco na via,Fechado,276.8,2.0
261993,2026-06-30,Santa Cruz,Buraco na via,Fechado,258.3,4.0
261994,2026-06-30,Campo Grande,Estacionamento irregular,Fechado,2.0,4.0
261995,2026-06-30,Tijuca,Remoção de entulho,Fechado,79.4,3.0
261996,2026-06-30,Realengo,Iluminação Pública,Fechado,40.1,
261997,2026-06-30,Realengo,Fiscalização de barulho,Fechado,7.7,2.0
261998,2026-06-30,Tijuca,Fiscalização de barulho,Aberto,,
261999,2026-06-30,Méier,Poda de árvore,Fechado,591.7,2.0
262000,2026-06-30,Ipanema,Iluminação Pública,Fechado,45.6,4.0
